;angle##angle##degrees;height##length##millimeters;width##length##millimeters;depth##length##millimeters;ispolnenie##number##feet
Угол CDV 90 вертикальный внеш. 90 100x50 в комплекте с крепежными элементами и соединительными пластинами, необходимыми для монтажа в комплекте с крепежными элементами и соединительными пластинами, необходимыми для монтажа в комплекте с крепежными элементами и соединительными пластинами, необходимыми для монтажа в комплекте с крепежными элементами и соединительными пластинами, необходимыми для монтажа в комплекте с крепежными элементами и соединительными пластинами, необходимыми для монтажа в комплекте с крепежными элементами и соединительными пластинами, необходимыми для монтажа в комплекте с крепежными элементами и соединительными пластинами, необходимыми для монтажа в комплекте с крепежными элементами и соединительными пластинами, необходимыми для монтажа в комплекте с крепежными элементами и соединительными пластинами, необходимыми для монтажа;90;50;100;1;1
Угол CDV 90 вертикальный внеш. 90 150x50 в комплекте с крепежными элементами и соединительными пластинами, необходимыми для монтажа в комплекте с крепежными элементами и соединительными пластинами, необходимыми для монтажа в комплекте с крепежными элементами и соединительными пластинами, необходимыми для монтажа в комплекте с крепежными элементами и соединительными пластинами, необходимыми для монтажа в комплекте с крепежными элементами и соединительными пластинами, необходимыми для монтажа в комплекте с крепежными элементами и соединительными пластинами, необходимыми для монтажа в комплекте с крепежными элементами и соединительными пластинами, необходимыми для монтажа в комплекте с крепежными элементами и соединительными пластинами, необходимыми для монтажа в комплекте с крепежными элементами и соединительными пластинами, необходимыми для монтажа;90;50;150;1;1
Угол CDV 90 вертикальный внеш. 90 200x50 в комплекте с крепежными элементами и соединительными пластинами, необходимыми для монтажа в комплекте с крепежными элементами и соединительными пластинами, необходимыми для монтажа в комплекте с крепежными элементами и соединительными пластинами, необходимыми для монтажа в комплекте с крепежными элементами и соединительными пластинами, необходимыми для монтажа в комплекте с крепежными элементами и соединительными пластинами, необходимыми для монтажа в комплекте с крепежными элементами и соединительными пластинами, необходимыми для монтажа в комплекте с крепежными элементами и соединительными пластинами, необходимыми для монтажа в комплекте с крепежными элементами и соединительными пластинами, необходимыми для монтажа в комплекте с крепежными элементами и соединительными пластинами, необходимыми для монтажа;90;50;200;1;1
Угол CDV 90 вертикальный внеш. 90 300x50 в комплекте с крепежными элементами и соединительными пластинами, необходимыми для монтажа в комплекте с крепежными элементами и соединительными пластинами, необходимыми для монтажа в комплекте с крепежными элементами и соединительными пластинами, необходимыми для монтажа в комплекте с крепежными элементами и соединительными пластинами, необходимыми для монтажа в комплекте с крепежными элементами и соединительными пластинами, необходимыми для монтажа в комплекте с крепежными элементами и соединительными пластинами, необходимыми для монтажа в комплекте с крепежными элементами и соединительными пластинами, необходимыми для монтажа в комплекте с крепежными элементами и соединительными пластинами, необходимыми для монтажа в комплекте с крепежными элементами и соединительными пластинами, необходимыми для монтажа;90;50;300;1;1
Угол CDV 90 вертикальный внеш. 90 400x50 в комплекте с крепежными элементами и соединительными пластинами, необходимыми для монтажа в комплекте с крепежными элементами и соединительными пластинами, необходимыми для монтажа в комплекте с крепежными элементами и соединительными пластинами, необходимыми для монтажа в комплекте с крепежными элементами и соединительными пластинами, необходимыми для монтажа в комплекте с крепежными элементами и соединительными пластинами, необходимыми для монтажа в комплекте с крепежными элементами и соединительными пластинами, необходимыми для монтажа в комплекте с крепежными элементами и соединительными пластинами, необходимыми для монтажа в комплекте с крепежными элементами и соединительными пластинами, необходимыми для монтажа в комплекте с крепежными элементами и соединительными пластинами, необходимыми для монтажа;90;50;400;1;1
Угол CDV 90 вертикальный внеш. 90 500x50 в комплекте с крепежными элементами и соединительными пластинами, необходимыми для монтажа в комплекте с крепежными элементами и соединительными пластинами, необходимыми для монтажа в комплекте с крепежными элементами и соединительными пластинами, необходимыми для монтажа в комплекте с крепежными элементами и соединительными пластинами, необходимыми для монтажа в комплекте с крепежными элементами и соединительными пластинами, необходимыми для монтажа в комплекте с крепежными элементами и соединительными пластинами, необходимыми для монтажа в комплекте с крепежными элементами и соединительными пластинами, необходимыми для монтажа в комплекте с крепежными элементами и соединительными пластинами, необходимыми для монтажа в комплекте с крепежными элементами и соединительными пластинами, необходимыми для монтажа;90;50;500;1;1
Угол CDV 90 вертикальный внеш. 90 600x50 в комплекте с крепежными элементами и соединительными пластинами, необходимыми для монтажа в комплекте с крепежными элементами и соединительными пластинами, необходимыми для монтажа в комплекте с крепежными элементами и соединительными пластинами, необходимыми для монтажа в комплекте с крепежными элементами и соединительными пластинами, необходимыми для монтажа в комплекте с крепежными элементами и соединительными пластинами, необходимыми для монтажа в комплекте с крепежными элементами и соединительными пластинами, необходимыми для монтажа в комплекте с крепежными элементами и соединительными пластинами, необходимыми для монтажа в комплекте с крепежными элементами и соединительными пластинами, необходимыми для монтажа в комплекте с крепежными элементами и соединительными пластинами, необходимыми для монтажа;90;50;600;1;1
Угол CDV 90 вертикальный внеш. 90 100x50 в комплекте с крепежными элементами и соединительными пластинами, необходимыми для монтажа в комплекте с крепежными элементами и соединительными пластинами, необходимыми для монтажа в комплекте с крепежными элементами и соединительными пластинами, необходимыми для монтажа в комплекте с крепежными элементами и соединительными пластинами, необходимыми для монтажа в комплекте с крепежными элементами и соединительными пластинами, необходимыми для монтажа в комплекте с крепежными элементами и соединительными пластинами, необходимыми для монтажа в комплекте с крепежными элементами и соединительными пластинами, необходимыми для монтажа в комплекте с крепежными элементами и соединительными пластинами, необходимыми для монтажа в комплекте с крепежными элементами и соединительными пластинами, необходимыми для монтажа, горячеоцинкованный;90;50;100;1;2
Угол CDV 90 вертикальный внеш. 90 150x50 в комплекте с крепежными элементами и соединительными пластинами, необходимыми для монтажа в комплекте с крепежными элементами и соединительными пластинами, необходимыми для монтажа в комплекте с крепежными элементами и соединительными пластинами, необходимыми для монтажа в комплекте с крепежными элементами и соединительными пластинами, необходимыми для монтажа в комплекте с крепежными элементами и соединительными пластинами, необходимыми для монтажа в комплекте с крепежными элементами и соединительными пластинами, необходимыми для монтажа в комплекте с крепежными элементами и соединительными пластинами, необходимыми для монтажа в комплекте с крепежными элементами и соединительными пластинами, необходимыми для монтажа в комплекте с крепежными элементами и соединительными пластинами, необходимыми для монтажа, горячеоцинкованный;90;50;150;1;2
Угол CDV 90 вертикальный внеш. 90 200x50 в комплекте с крепежными элементами и соединительными пластинами, необходимыми для монтажа в комплекте с крепежными элементами и соединительными пластинами, необходимыми для монтажа в комплекте с крепежными элементами и соединительными пластинами, необходимыми для монтажа в комплекте с крепежными элементами и соединительными пластинами, необходимыми для монтажа в комплекте с крепежными элементами и соединительными пластинами, необходимыми для монтажа в комплекте с крепежными элементами и соединительными пластинами, необходимыми для монтажа в комплекте с крепежными элементами и соединительными пластинами, необходимыми для монтажа в комплекте с крепежными элементами и соединительными пластинами, необходимыми для монтажа в комплекте с крепежными элементами и соединительными пластинами, необходимыми для монтажа, горячеоцинкованный;90;50;200;1;2
Угол CDV 90 вертикальный внеш. 90 300x50 в комплекте с крепежными элементами и соединительными пластинами, необходимыми для монтажа в комплекте с крепежными элементами и соединительными пластинами, необходимыми для монтажа в комплекте с крепежными элементами и соединительными пластинами, необходимыми для монтажа в комплекте с крепежными элементами и соединительными пластинами, необходимыми для монтажа в комплекте с крепежными элементами и соединительными пластинами, необходимыми для монтажа в комплекте с крепежными элементами и соединительными пластинами, необходимыми для монтажа в комплекте с крепежными элементами и соединительными пластинами, необходимыми для монтажа в комплекте с крепежными элементами и соединительными пластинами, необходимыми для монтажа в комплекте с крепежными элементами и соединительными пластинами, необходимыми для монтажа, горячеоцинкованный;90;50;300;1;2
Угол CDV 90 вертикальный внеш. 90 400x50 в комплекте с крепежными элементами и соединительными пластинами, необходимыми для монтажа в комплекте с крепежными элементами и соединительными пластинами, необходимыми для монтажа в комплекте с крепежными элементами и соединительными пластинами, необходимыми для монтажа в комплекте с крепежными элементами и соединительными пластинами, необходимыми для монтажа в комплекте с крепежными элементами и соединительными пластинами, необходимыми для монтажа в комплекте с крепежными элементами и соединительными пластинами, необходимыми для монтажа в комплекте с крепежными элементами и соединительными пластинами, необходимыми для монтажа в комплекте с крепежными элементами и соединительными пластинами, необходимыми для монтажа в комплекте с крепежными элементами и соединительными пластинами, необходимыми для монтажа, горячеоцинкованный;90;50;400;1;2
Угол CDV 90 вертикальный внеш. 90 500x50 в комплекте с крепежными элементами и соединительными пластинами, необходимыми для монтажа в комплекте с крепежными элементами и соединительными пластинами, необходимыми для монтажа в комплекте с крепежными элементами и соединительными пластинами, необходимыми для монтажа в комплекте с крепежными элементами и соединительными пластинами, необходимыми для монтажа в комплекте с крепежными элементами и соединительными пластинами, необходимыми для монтажа в комплекте с крепежными элементами и соединительными пластинами, необходимыми для монтажа в комплекте с крепежными элементами и соединительными пластинами, необходимыми для монтажа в комплекте с крепежными элементами и соединительными пластинами, необходимыми для монтажа в комплекте с крепежными элементами и соединительными пластинами, необходимыми для монтажа, горячеоцинкованный;90;50;500;1;2
Угол CDV 90 вертикальный внеш. 90 600x50 в комплекте с крепежными элементами и соединительными пластинами, необходимыми для монтажа в комплекте с крепежными элементами и соединительными пластинами, необходимыми для монтажа в комплекте с крепежными элементами и соединительными пластинами, необходимыми для монтажа в комплекте с крепежными элементами и соединительными пластинами, необходимыми для монтажа в комплекте с крепежными элементами и соединительными пластинами, необходимыми для монтажа в комплекте с крепежными элементами и соединительными пластинами, необходимыми для монтажа в комплекте с крепежными элементами и соединительными пластинами, необходимыми для монтажа в комплекте с крепежными элементами и соединительными пластинами, необходимыми для монтажа в комплекте с крепежными элементами и соединительными пластинами, необходимыми для монтажа, горячеоцинкованный;90;50;600;1;2
Угол CDV 90 вертикальный внеш. 90 100x50 в комплекте с крепежными элементами и соединительными пластинами, необходимыми для монтажа в комплекте с крепежными элементами и соединительными пластинами, необходимыми для монтажа в комплекте с крепежными элементами и соединительными пластинами, необходимыми для монтажа в комплекте с крепежными элементами и соединительными пластинами, необходимыми для монтажа в комплекте с крепежными элементами и соединительными пластинами, необходимыми для монтажа в комплекте с крепежными элементами и соединительными пластинами, необходимыми для монтажа в комплекте с крепежными элементами и соединительными пластинами, необходимыми для монтажа в комплекте с крепежными элементами и соединительными пластинами, необходимыми для монтажа в комплекте с крепежными элементами и соединительными пластинами, необходимыми для монтажа, нержавеющий;90;50;100;1;3
Угол CDV 90 вертикальный внеш. 90 150x50 в комплекте с крепежными элементами и соединительными пластинами, необходимыми для монтажа в комплекте с крепежными элементами и соединительными пластинами, необходимыми для монтажа в комплекте с крепежными элементами и соединительными пластинами, необходимыми для монтажа в комплекте с крепежными элементами и соединительными пластинами, необходимыми для монтажа в комплекте с крепежными элементами и соединительными пластинами, необходимыми для монтажа в комплекте с крепежными элементами и соединительными пластинами, необходимыми для монтажа в комплекте с крепежными элементами и соединительными пластинами, необходимыми для монтажа в комплекте с крепежными элементами и соединительными пластинами, необходимыми для монтажа в комплекте с крепежными элементами и соединительными пластинами, необходимыми для монтажа, нержавеющий;90;50;150;1;3
Угол CDV 90 вертикальный внеш. 90 200x50 в комплекте с крепежными элементами и соединительными пластинами, необходимыми для монтажа в комплекте с крепежными элементами и соединительными пластинами, необходимыми для монтажа в комплекте с крепежными элементами и соединительными пластинами, необходимыми для монтажа в комплекте с крепежными элементами и соединительными пластинами, необходимыми для монтажа в комплекте с крепежными элементами и соединительными пластинами, необходимыми для монтажа в комплекте с крепежными элементами и соединительными пластинами, необходимыми для монтажа в комплекте с крепежными элементами и соединительными пластинами, необходимыми для монтажа в комплекте с крепежными элементами и соединительными пластинами, необходимыми для монтажа в комплекте с крепежными элементами и соединительными пластинами, необходимыми для монтажа, нержавеющий;90;50;200;1;3
Угол CDV 90 вертикальный внеш. 90 300x50 в комплекте с крепежными элементами и соединительными пластинами, необходимыми для монтажа в комплекте с крепежными элементами и соединительными пластинами, необходимыми для монтажа в комплекте с крепежными элементами и соединительными пластинами, необходимыми для монтажа в комплекте с крепежными элементами и соединительными пластинами, необходимыми для монтажа в комплекте с крепежными элементами и соединительными пластинами, необходимыми для монтажа в комплекте с крепежными элементами и соединительными пластинами, необходимыми для монтажа в комплекте с крепежными элементами и соединительными пластинами, необходимыми для монтажа в комплекте с крепежными элементами и соединительными пластинами, необходимыми для монтажа в комплекте с крепежными элементами и соединительными пластинами, необходимыми для монтажа, нержавеющий;90;50;300;1;3
Угол CDV 90 вертикальный внеш. 90 400x50 в комплекте с крепежными элементами и соединительными пластинами, необходимыми для монтажа в комплекте с крепежными элементами и соединительными пластинами, необходимыми для монтажа в комплекте с крепежными элементами и соединительными пластинами, необходимыми для монтажа в комплекте с крепежными элементами и соединительными пластинами, необходимыми для монтажа в комплекте с крепежными элементами и соединительными пластинами, необходимыми для монтажа в комплекте с крепежными элементами и соединительными пластинами, необходимыми для монтажа в комплекте с крепежными элементами и соединительными пластинами, необходимыми для монтажа в комплекте с крепежными элементами и соединительными пластинами, необходимыми для монтажа в комплекте с крепежными элементами и соединительными пластинами, необходимыми для монтажа, нержавеющий;90;50;400;1;3
Угол CDV 90 вертикальный внеш. 90 500x50 в комплекте с крепежными элементами и соединительными пластинами, необходимыми для монтажа в комплекте с крепежными элементами и соединительными пластинами, необходимыми для монтажа в комплекте с крепежными элементами и соединительными пластинами, необходимыми для монтажа в комплекте с крепежными элементами и соединительными пластинами, необходимыми для монтажа в комплекте с крепежными элементами и соединительными пластинами, необходимыми для монтажа в комплекте с крепежными элементами и соединительными пластинами, необходимыми для монтажа в комплекте с крепежными элементами и соединительными пластинами, необходимыми для монтажа в комплекте с крепежными элементами и соединительными пластинами, необходимыми для монтажа в комплекте с крепежными элементами и соединительными пластинами, необходимыми для монтажа, нержавеющий;90;50;500;1;3
Угол CDV 90 вертикальный внеш. 90 600x50 в комплекте с крепежными элементами и соединительными пластинами, необходимыми для монтажа в комплекте с крепежными элементами и соединительными пластинами, необходимыми для монтажа в комплекте с крепежными элементами и соединительными пластинами, необходимыми для монтажа в комплекте с крепежными элементами и соединительными пластинами, необходимыми для монтажа в комплекте с крепежными элементами и соединительными пластинами, необходимыми для монтажа в комплекте с крепежными элементами и соединительными пластинами, необходимыми для монтажа в комплекте с крепежными элементами и соединительными пластинами, необходимыми для монтажа в комплекте с крепежными элементами и соединительными пластинами, необходимыми для монтажа в комплекте с крепежными элементами и соединительными пластинами, необходимыми для монтажа, нержавеющий;90;50;600;1;3
Угол CDV 90 вертикальный внеш. 90 100x50 в комплекте с крепежными элементами и соединительными пластинами, необходимыми для монтажа в комплекте с крепежными элементами и соединительными пластинами, необходимыми для монтажа в комплекте с крепежными элементами и соединительными пластинами, необходимыми для монтажа в комплекте с крепежными элементами и соединительными пластинами, необходимыми для монтажа в комплекте с крепежными элементами и соединительными пластинами, необходимыми для монтажа в комплекте с крепежными элементами и соединительными пластинами, необходимыми для монтажа в комплекте с крепежными элементами и соединительными пластинами, необходимыми для монтажа в комплекте с крепежными элементами и соединительными пластинами, необходимыми для монтажа в комплекте с крепежными элементами и соединительными пластинами, необходимыми для монтажа, цинк-ламельный;90;50;100;1;4
Угол CDV 90 вертикальный внеш. 90 150x50 в комплекте с крепежными элементами и соединительными пластинами, необходимыми для монтажа в комплекте с крепежными элементами и соединительными пластинами, необходимыми для монтажа в комплекте с крепежными элементами и соединительными пластинами, необходимыми для монтажа в комплекте с крепежными элементами и соединительными пластинами, необходимыми для монтажа в комплекте с крепежными элементами и соединительными пластинами, необходимыми для монтажа в комплекте с крепежными элементами и соединительными пластинами, необходимыми для монтажа в комплекте с крепежными элементами и соединительными пластинами, необходимыми для монтажа в комплекте с крепежными элементами и соединительными пластинами, необходимыми для монтажа в комплекте с крепежными элементами и соединительными пластинами, необходимыми для монтажа, цинк-ламельный;90;50;150;1;4
Угол CDV 90 вертикальный внеш. 90 200x50 в комплекте с крепежными элементами и соединительными пластинами, необходимыми для монтажа в комплекте с крепежными элементами и соединительными пластинами, необходимыми для монтажа в комплекте с крепежными элементами и соединительными пластинами, необходимыми для монтажа в комплекте с крепежными элементами и соединительными пластинами, необходимыми для монтажа в комплекте с крепежными элементами и соединительными пластинами, необходимыми для монтажа в комплекте с крепежными элементами и соединительными пластинами, необходимыми для монтажа в комплекте с крепежными элементами и соединительными пластинами, необходимыми для монтажа в комплекте с крепежными элементами и соединительными пластинами, необходимыми для монтажа в комплекте с крепежными элементами и соединительными пластинами, необходимыми для монтажа, цинк-ламельный;90;50;200;1;4
Угол CDV 90 вертикальный внеш. 90 300x50 в комплекте с крепежными элементами и соединительными пластинами, необходимыми для монтажа в комплекте с крепежными элементами и соединительными пластинами, необходимыми для монтажа в комплекте с крепежными элементами и соединительными пластинами, необходимыми для монтажа в комплекте с крепежными элементами и соединительными пластинами, необходимыми для монтажа в комплекте с крепежными элементами и соединительными пластинами, необходимыми для монтажа в комплекте с крепежными элементами и соединительными пластинами, необходимыми для монтажа в комплекте с крепежными элементами и соединительными пластинами, необходимыми для монтажа в комплекте с крепежными элементами и соединительными пластинами, необходимыми для монтажа в комплекте с крепежными элементами и соединительными пластинами, необходимыми для монтажа, цинк-ламельный;90;50;300;1;4
Угол CDV 90 вертикальный внеш. 90 400x50 в комплекте с крепежными элементами и соединительными пластинами, необходимыми для монтажа в комплекте с крепежными элементами и соединительными пластинами, необходимыми для монтажа в комплекте с крепежными элементами и соединительными пластинами, необходимыми для монтажа в комплекте с крепежными элементами и соединительными пластинами, необходимыми для монтажа в комплекте с крепежными элементами и соединительными пластинами, необходимыми для монтажа в комплекте с крепежными элементами и соединительными пластинами, необходимыми для монтажа в комплекте с крепежными элементами и соединительными пластинами, необходимыми для монтажа в комплекте с крепежными элементами и соединительными пластинами, необходимыми для монтажа в комплекте с крепежными элементами и соединительными пластинами, необходимыми для монтажа, цинк-ламельный;90;50;400;1;4
Угол CDV 90 вертикальный внеш. 90 500x50 в комплекте с крепежными элементами и соединительными пластинами, необходимыми для монтажа в комплекте с крепежными элементами и соединительными пластинами, необходимыми для монтажа в комплекте с крепежными элементами и соединительными пластинами, необходимыми для монтажа в комплекте с крепежными элементами и соединительными пластинами, необходимыми для монтажа в комплекте с крепежными элементами и соединительными пластинами, необходимыми для монтажа в комплекте с крепежными элементами и соединительными пластинами, необходимыми для монтажа в комплекте с крепежными элементами и соединительными пластинами, необходимыми для монтажа в комплекте с крепежными элементами и соединительными пластинами, необходимыми для монтажа в комплекте с крепежными элементами и соединительными пластинами, необходимыми для монтажа, цинк-ламельный;90;50;500;1;4
Угол CDV 90 вертикальный внеш. 90 600x50 в комплекте с крепежными элементами и соединительными пластинами, необходимыми для монтажа в комплекте с крепежными элементами и соединительными пластинами, необходимыми для монтажа в комплекте с крепежными элементами и соединительными пластинами, необходимыми для монтажа в комплекте с крепежными элементами и соединительными пластинами, необходимыми для монтажа в комплекте с крепежными элементами и соединительными пластинами, необходимыми для монтажа в комплекте с крепежными элементами и соединительными пластинами, необходимыми для монтажа в комплекте с крепежными элементами и соединительными пластинами, необходимыми для монтажа в комплекте с крепежными элементами и соединительными пластинами, необходимыми для монтажа в комплекте с крепежными элементами и соединительными пластинами, необходимыми для монтажа, цинк-ламельный;90;50;600;1;4
Угол CDV 90 вертикальный внеш. 90 80x80 в комплекте с крепежными элементами и соединительными пластинами, необходимыми для монтажа в комплекте с крепежными элементами и соединительными пластинами, необходимыми для монтажа в комплекте с крепежными элементами и соединительными пластинами, необходимыми для монтажа в комплекте с крепежными элементами и соединительными пластинами, необходимыми для монтажа в комплекте с крепежными элементами и соединительными пластинами, необходимыми для монтажа в комплекте с крепежными элементами и соединительными пластинами, необходимыми для монтажа в комплекте с крепежными элементами и соединительными пластинами, необходимыми для монтажа в комплекте с крепежными элементами и соединительными пластинами, необходимыми для монтажа в комплекте с крепежными элементами и соединительными пластинами, необходимыми для монтажа;90;80;80;1;1
Угол CDV 90 вертикальный внеш. 90 100x80 в комплекте с крепежными элементами и соединительными пластинами, необходимыми для монтажа в комплекте с крепежными элементами и соединительными пластинами, необходимыми для монтажа в комплекте с крепежными элементами и соединительными пластинами, необходимыми для монтажа в комплекте с крепежными элементами и соединительными пластинами, необходимыми для монтажа в комплекте с крепежными элементами и соединительными пластинами, необходимыми для монтажа в комплекте с крепежными элементами и соединительными пластинами, необходимыми для монтажа в комплекте с крепежными элементами и соединительными пластинами, необходимыми для монтажа в комплекте с крепежными элементами и соединительными пластинами, необходимыми для монтажа в комплекте с крепежными элементами и соединительными пластинами, необходимыми для монтажа;90;80;100;1;1
Угол CDV 90 вертикальный внеш. 90 150x80 в комплекте с крепежными элементами и соединительными пластинами, необходимыми для монтажа в комплекте с крепежными элементами и соединительными пластинами, необходимыми для монтажа в комплекте с крепежными элементами и соединительными пластинами, необходимыми для монтажа в комплекте с крепежными элементами и соединительными пластинами, необходимыми для монтажа в комплекте с крепежными элементами и соединительными пластинами, необходимыми для монтажа в комплекте с крепежными элементами и соединительными пластинами, необходимыми для монтажа в комплекте с крепежными элементами и соединительными пластинами, необходимыми для монтажа в комплекте с крепежными элементами и соединительными пластинами, необходимыми для монтажа в комплекте с крепежными элементами и соединительными пластинами, необходимыми для монтажа;90;80;150;1;1
Угол CDV 90 вертикальный внеш. 90 200x80 в комплекте с крепежными элементами и соединительными пластинами, необходимыми для монтажа в комплекте с крепежными элементами и соединительными пластинами, необходимыми для монтажа в комплекте с крепежными элементами и соединительными пластинами, необходимыми для монтажа в комплекте с крепежными элементами и соединительными пластинами, необходимыми для монтажа в комплекте с крепежными элементами и соединительными пластинами, необходимыми для монтажа в комплекте с крепежными элементами и соединительными пластинами, необходимыми для монтажа в комплекте с крепежными элементами и соединительными пластинами, необходимыми для монтажа в комплекте с крепежными элементами и соединительными пластинами, необходимыми для монтажа в комплекте с крепежными элементами и соединительными пластинами, необходимыми для монтажа;90;80;200;1;1
Угол CDV 90 вертикальный внеш. 90 300x80 в комплекте с крепежными элементами и соединительными пластинами, необходимыми для монтажа в комплекте с крепежными элементами и соединительными пластинами, необходимыми для монтажа в комплекте с крепежными элементами и соединительными пластинами, необходимыми для монтажа в комплекте с крепежными элементами и соединительными пластинами, необходимыми для монтажа в комплекте с крепежными элементами и соединительными пластинами, необходимыми для монтажа в комплекте с крепежными элементами и соединительными пластинами, необходимыми для монтажа в комплекте с крепежными элементами и соединительными пластинами, необходимыми для монтажа в комплекте с крепежными элементами и соединительными пластинами, необходимыми для монтажа в комплекте с крепежными элементами и соединительными пластинами, необходимыми для монтажа;90;80;300;1;1
Угол CDV 90 вертикальный внеш. 90 400x80 в комплекте с крепежными элементами и соединительными пластинами, необходимыми для монтажа в комплекте с крепежными элементами и соединительными пластинами, необходимыми для монтажа в комплекте с крепежными элементами и соединительными пластинами, необходимыми для монтажа в комплекте с крепежными элементами и соединительными пластинами, необходимыми для монтажа в комплекте с крепежными элементами и соединительными пластинами, необходимыми для монтажа в комплекте с крепежными элементами и соединительными пластинами, необходимыми для монтажа в комплекте с крепежными элементами и соединительными пластинами, необходимыми для монтажа в комплекте с крепежными элементами и соединительными пластинами, необходимыми для монтажа в комплекте с крепежными элементами и соединительными пластинами, необходимыми для монтажа;90;80;400;1;1
Угол CDV 90 вертикальный внеш. 90 500x80 в комплекте с крепежными элементами и соединительными пластинами, необходимыми для монтажа в комплекте с крепежными элементами и соединительными пластинами, необходимыми для монтажа в комплекте с крепежными элементами и соединительными пластинами, необходимыми для монтажа в комплекте с крепежными элементами и соединительными пластинами, необходимыми для монтажа в комплекте с крепежными элементами и соединительными пластинами, необходимыми для монтажа в комплекте с крепежными элементами и соединительными пластинами, необходимыми для монтажа в комплекте с крепежными элементами и соединительными пластинами, необходимыми для монтажа в комплекте с крепежными элементами и соединительными пластинами, необходимыми для монтажа в комплекте с крепежными элементами и соединительными пластинами, необходимыми для монтажа;90;80;500;1;1
Угол CDV 90 вертикальный внеш. 90 600x80 в комплекте с крепежными элементами и соединительными пластинами, необходимыми для монтажа в комплекте с крепежными элементами и соединительными пластинами, необходимыми для монтажа в комплекте с крепежными элементами и соединительными пластинами, необходимыми для монтажа в комплекте с крепежными элементами и соединительными пластинами, необходимыми для монтажа в комплекте с крепежными элементами и соединительными пластинами, необходимыми для монтажа в комплекте с крепежными элементами и соединительными пластинами, необходимыми для монтажа в комплекте с крепежными элементами и соединительными пластинами, необходимыми для монтажа в комплекте с крепежными элементами и соединительными пластинами, необходимыми для монтажа в комплекте с крепежными элементами и соединительными пластинами, необходимыми для монтажа;90;80;600;1;1
Угол CDV 90 вертикальный внеш. 90 80x80 в комплекте с крепежными элементами и соединительными пластинами, необходимыми для монтажа в комплекте с крепежными элементами и соединительными пластинами, необходимыми для монтажа в комплекте с крепежными элементами и соединительными пластинами, необходимыми для монтажа в комплекте с крепежными элементами и соединительными пластинами, необходимыми для монтажа в комплекте с крепежными элементами и соединительными пластинами, необходимыми для монтажа в комплекте с крепежными элементами и соединительными пластинами, необходимыми для монтажа в комплекте с крепежными элементами и соединительными пластинами, необходимыми для монтажа в комплекте с крепежными элементами и соединительными пластинами, необходимыми для монтажа в комплекте с крепежными элементами и соединительными пластинами, необходимыми для монтажа, горячеоцинкованный;90;80;80;1;2
Угол CDV 90 вертикальный внеш. 90 100x80 в комплекте с крепежными элементами и соединительными пластинами, необходимыми для монтажа в комплекте с крепежными элементами и соединительными пластинами, необходимыми для монтажа в комплекте с крепежными элементами и соединительными пластинами, необходимыми для монтажа в комплекте с крепежными элементами и соединительными пластинами, необходимыми для монтажа в комплекте с крепежными элементами и соединительными пластинами, необходимыми для монтажа в комплекте с крепежными элементами и соединительными пластинами, необходимыми для монтажа в комплекте с крепежными элементами и соединительными пластинами, необходимыми для монтажа в комплекте с крепежными элементами и соединительными пластинами, необходимыми для монтажа в комплекте с крепежными элементами и соединительными пластинами, необходимыми для монтажа, горячеоцинкованный;90;80;100;1;2
Угол CDV 90 вертикальный внеш. 90 150x80 в комплекте с крепежными элементами и соединительными пластинами, необходимыми для монтажа в комплекте с крепежными элементами и соединительными пластинами, необходимыми для монтажа в комплекте с крепежными элементами и соединительными пластинами, необходимыми для монтажа в комплекте с крепежными элементами и соединительными пластинами, необходимыми для монтажа в комплекте с крепежными элементами и соединительными пластинами, необходимыми для монтажа в комплекте с крепежными элементами и соединительными пластинами, необходимыми для монтажа в комплекте с крепежными элементами и соединительными пластинами, необходимыми для монтажа в комплекте с крепежными элементами и соединительными пластинами, необходимыми для монтажа в комплекте с крепежными элементами и соединительными пластинами, необходимыми для монтажа, горячеоцинкованный;90;80;150;1;2
Угол CDV 90 вертикальный внеш. 90 200x80 в комплекте с крепежными элементами и соединительными пластинами, необходимыми для монтажа в комплекте с крепежными элементами и соединительными пластинами, необходимыми для монтажа в комплекте с крепежными элементами и соединительными пластинами, необходимыми для монтажа в комплекте с крепежными элементами и соединительными пластинами, необходимыми для монтажа в комплекте с крепежными элементами и соединительными пластинами, необходимыми для монтажа в комплекте с крепежными элементами и соединительными пластинами, необходимыми для монтажа в комплекте с крепежными элементами и соединительными пластинами, необходимыми для монтажа в комплекте с крепежными элементами и соединительными пластинами, необходимыми для монтажа в комплекте с крепежными элементами и соединительными пластинами, необходимыми для монтажа, горячеоцинкованный;90;80;200;1;2
Угол CDV 90 вертикальный внеш. 90 300x80 в комплекте с крепежными элементами и соединительными пластинами, необходимыми для монтажа в комплекте с крепежными элементами и соединительными пластинами, необходимыми для монтажа в комплекте с крепежными элементами и соединительными пластинами, необходимыми для монтажа в комплекте с крепежными элементами и соединительными пластинами, необходимыми для монтажа в комплекте с крепежными элементами и соединительными пластинами, необходимыми для монтажа в комплекте с крепежными элементами и соединительными пластинами, необходимыми для монтажа в комплекте с крепежными элементами и соединительными пластинами, необходимыми для монтажа в комплекте с крепежными элементами и соединительными пластинами, необходимыми для монтажа в комплекте с крепежными элементами и соединительными пластинами, необходимыми для монтажа, горячеоцинкованный;90;80;300;1;2
Угол CDV 90 вертикальный внеш. 90 400x80 в комплекте с крепежными элементами и соединительными пластинами, необходимыми для монтажа в комплекте с крепежными элементами и соединительными пластинами, необходимыми для монтажа в комплекте с крепежными элементами и соединительными пластинами, необходимыми для монтажа в комплекте с крепежными элементами и соединительными пластинами, необходимыми для монтажа в комплекте с крепежными элементами и соединительными пластинами, необходимыми для монтажа в комплекте с крепежными элементами и соединительными пластинами, необходимыми для монтажа в комплекте с крепежными элементами и соединительными пластинами, необходимыми для монтажа в комплекте с крепежными элементами и соединительными пластинами, необходимыми для монтажа в комплекте с крепежными элементами и соединительными пластинами, необходимыми для монтажа, горячеоцинкованный;90;80;400;1;2
Угол CDV 90 вертикальный внеш. 90 500x80 в комплекте с крепежными элементами и соединительными пластинами, необходимыми для монтажа в комплекте с крепежными элементами и соединительными пластинами, необходимыми для монтажа в комплекте с крепежными элементами и соединительными пластинами, необходимыми для монтажа в комплекте с крепежными элементами и соединительными пластинами, необходимыми для монтажа в комплекте с крепежными элементами и соединительными пластинами, необходимыми для монтажа в комплекте с крепежными элементами и соединительными пластинами, необходимыми для монтажа в комплекте с крепежными элементами и соединительными пластинами, необходимыми для монтажа в комплекте с крепежными элементами и соединительными пластинами, необходимыми для монтажа в комплекте с крепежными элементами и соединительными пластинами, необходимыми для монтажа, горячеоцинкованный;90;80;500;1;2
Угол CDV 90 вертикальный внеш. 90 600x80 в комплекте с крепежными элементами и соединительными пластинами, необходимыми для монтажа в комплекте с крепежными элементами и соединительными пластинами, необходимыми для монтажа в комплекте с крепежными элементами и соединительными пластинами, необходимыми для монтажа в комплекте с крепежными элементами и соединительными пластинами, необходимыми для монтажа в комплекте с крепежными элементами и соединительными пластинами, необходимыми для монтажа в комплекте с крепежными элементами и соединительными пластинами, необходимыми для монтажа в комплекте с крепежными элементами и соединительными пластинами, необходимыми для монтажа в комплекте с крепежными элементами и соединительными пластинами, необходимыми для монтажа в комплекте с крепежными элементами и соединительными пластинами, необходимыми для монтажа, горячеоцинкованный;90;80;600;1;2
Угол CDV 90 вертикальный внеш. 90 80x80 в комплекте с крепежными элементами и соединительными пластинами, необходимыми для монтажа в комплекте с крепежными элементами и соединительными пластинами, необходимыми для монтажа в комплекте с крепежными элементами и соединительными пластинами, необходимыми для монтажа в комплекте с крепежными элементами и соединительными пластинами, необходимыми для монтажа в комплекте с крепежными элементами и соединительными пластинами, необходимыми для монтажа в комплекте с крепежными элементами и соединительными пластинами, необходимыми для монтажа в комплекте с крепежными элементами и соединительными пластинами, необходимыми для монтажа в комплекте с крепежными элементами и соединительными пластинами, необходимыми для монтажа в комплекте с крепежными элементами и соединительными пластинами, необходимыми для монтажа, нержавеющий;90;80;80;1;3
Угол CDV 90 вертикальный внеш. 90 100x80 в комплекте с крепежными элементами и соединительными пластинами, необходимыми для монтажа в комплекте с крепежными элементами и соединительными пластинами, необходимыми для монтажа в комплекте с крепежными элементами и соединительными пластинами, необходимыми для монтажа в комплекте с крепежными элементами и соединительными пластинами, необходимыми для монтажа в комплекте с крепежными элементами и соединительными пластинами, необходимыми для монтажа в комплекте с крепежными элементами и соединительными пластинами, необходимыми для монтажа в комплекте с крепежными элементами и соединительными пластинами, необходимыми для монтажа в комплекте с крепежными элементами и соединительными пластинами, необходимыми для монтажа в комплекте с крепежными элементами и соединительными пластинами, необходимыми для монтажа, нержавеющий;90;80;100;1;3
Угол CDV 90 вертикальный внеш. 90 150x80 в комплекте с крепежными элементами и соединительными пластинами, необходимыми для монтажа в комплекте с крепежными элементами и соединительными пластинами, необходимыми для монтажа в комплекте с крепежными элементами и соединительными пластинами, необходимыми для монтажа в комплекте с крепежными элементами и соединительными пластинами, необходимыми для монтажа в комплекте с крепежными элементами и соединительными пластинами, необходимыми для монтажа в комплекте с крепежными элементами и соединительными пластинами, необходимыми для монтажа в комплекте с крепежными элементами и соединительными пластинами, необходимыми для монтажа в комплекте с крепежными элементами и соединительными пластинами, необходимыми для монтажа в комплекте с крепежными элементами и соединительными пластинами, необходимыми для монтажа, нержавеющий;90;80;150;1;3
Угол CDV 90 вертикальный внеш. 90 200x80 в комплекте с крепежными элементами и соединительными пластинами, необходимыми для монтажа в комплекте с крепежными элементами и соединительными пластинами, необходимыми для монтажа в комплекте с крепежными элементами и соединительными пластинами, необходимыми для монтажа в комплекте с крепежными элементами и соединительными пластинами, необходимыми для монтажа в комплекте с крепежными элементами и соединительными пластинами, необходимыми для монтажа в комплекте с крепежными элементами и соединительными пластинами, необходимыми для монтажа в комплекте с крепежными элементами и соединительными пластинами, необходимыми для монтажа в комплекте с крепежными элементами и соединительными пластинами, необходимыми для монтажа в комплекте с крепежными элементами и соединительными пластинами, необходимыми для монтажа, нержавеющий;90;80;200;1;3
Угол CDV 90 вертикальный внеш. 90 300x80 в комплекте с крепежными элементами и соединительными пластинами, необходимыми для монтажа в комплекте с крепежными элементами и соединительными пластинами, необходимыми для монтажа в комплекте с крепежными элементами и соединительными пластинами, необходимыми для монтажа в комплекте с крепежными элементами и соединительными пластинами, необходимыми для монтажа в комплекте с крепежными элементами и соединительными пластинами, необходимыми для монтажа в комплекте с крепежными элементами и соединительными пластинами, необходимыми для монтажа в комплекте с крепежными элементами и соединительными пластинами, необходимыми для монтажа в комплекте с крепежными элементами и соединительными пластинами, необходимыми для монтажа в комплекте с крепежными элементами и соединительными пластинами, необходимыми для монтажа, нержавеющий;90;80;300;1;3
Угол CDV 90 вертикальный внеш. 90 400x80 в комплекте с крепежными элементами и соединительными пластинами, необходимыми для монтажа в комплекте с крепежными элементами и соединительными пластинами, необходимыми для монтажа в комплекте с крепежными элементами и соединительными пластинами, необходимыми для монтажа в комплекте с крепежными элементами и соединительными пластинами, необходимыми для монтажа в комплекте с крепежными элементами и соединительными пластинами, необходимыми для монтажа в комплекте с крепежными элементами и соединительными пластинами, необходимыми для монтажа в комплекте с крепежными элементами и соединительными пластинами, необходимыми для монтажа в комплекте с крепежными элементами и соединительными пластинами, необходимыми для монтажа в комплекте с крепежными элементами и соединительными пластинами, необходимыми для монтажа, нержавеющий;90;80;400;1;3
Угол CDV 90 вертикальный внеш. 90 500x80 в комплекте с крепежными элементами и соединительными пластинами, необходимыми для монтажа в комплекте с крепежными элементами и соединительными пластинами, необходимыми для монтажа в комплекте с крепежными элементами и соединительными пластинами, необходимыми для монтажа в комплекте с крепежными элементами и соединительными пластинами, необходимыми для монтажа в комплекте с крепежными элементами и соединительными пластинами, необходимыми для монтажа в комплекте с крепежными элементами и соединительными пластинами, необходимыми для монтажа в комплекте с крепежными элементами и соединительными пластинами, необходимыми для монтажа в комплекте с крепежными элементами и соединительными пластинами, необходимыми для монтажа в комплекте с крепежными элементами и соединительными пластинами, необходимыми для монтажа, нержавеющий;90;80;500;1;3
Угол CDV 90 вертикальный внеш. 90 600x80 в комплекте с крепежными элементами и соединительными пластинами, необходимыми для монтажа в комплекте с крепежными элементами и соединительными пластинами, необходимыми для монтажа в комплекте с крепежными элементами и соединительными пластинами, необходимыми для монтажа в комплекте с крепежными элементами и соединительными пластинами, необходимыми для монтажа в комплекте с крепежными элементами и соединительными пластинами, необходимыми для монтажа в комплекте с крепежными элементами и соединительными пластинами, необходимыми для монтажа в комплекте с крепежными элементами и соединительными пластинами, необходимыми для монтажа в комплекте с крепежными элементами и соединительными пластинами, необходимыми для монтажа в комплекте с крепежными элементами и соединительными пластинами, необходимыми для монтажа, нержавеющий;90;80;600;1;3
Угол CDV 90 вертикальный внеш. 90 80x80 в комплекте с крепежными элементами и соединительными пластинами, необходимыми для монтажа в комплекте с крепежными элементами и соединительными пластинами, необходимыми для монтажа в комплекте с крепежными элементами и соединительными пластинами, необходимыми для монтажа в комплекте с крепежными элементами и соединительными пластинами, необходимыми для монтажа в комплекте с крепежными элементами и соединительными пластинами, необходимыми для монтажа в комплекте с крепежными элементами и соединительными пластинами, необходимыми для монтажа в комплекте с крепежными элементами и соединительными пластинами, необходимыми для монтажа в комплекте с крепежными элементами и соединительными пластинами, необходимыми для монтажа в комплекте с крепежными элементами и соединительными пластинами, необходимыми для монтажа, цинк-ламельный;90;80;80;1;4
Угол CDV 90 вертикальный внеш. 90 100x80 в комплекте с крепежными элементами и соединительными пластинами, необходимыми для монтажа в комплекте с крепежными элементами и соединительными пластинами, необходимыми для монтажа в комплекте с крепежными элементами и соединительными пластинами, необходимыми для монтажа в комплекте с крепежными элементами и соединительными пластинами, необходимыми для монтажа в комплекте с крепежными элементами и соединительными пластинами, необходимыми для монтажа в комплекте с крепежными элементами и соединительными пластинами, необходимыми для монтажа в комплекте с крепежными элементами и соединительными пластинами, необходимыми для монтажа в комплекте с крепежными элементами и соединительными пластинами, необходимыми для монтажа в комплекте с крепежными элементами и соединительными пластинами, необходимыми для монтажа, цинк-ламельный;90;80;100;1;4
Угол CDV 90 вертикальный внеш. 90 150x80 в комплекте с крепежными элементами и соединительными пластинами, необходимыми для монтажа в комплекте с крепежными элементами и соединительными пластинами, необходимыми для монтажа в комплекте с крепежными элементами и соединительными пластинами, необходимыми для монтажа в комплекте с крепежными элементами и соединительными пластинами, необходимыми для монтажа в комплекте с крепежными элементами и соединительными пластинами, необходимыми для монтажа в комплекте с крепежными элементами и соединительными пластинами, необходимыми для монтажа в комплекте с крепежными элементами и соединительными пластинами, необходимыми для монтажа в комплекте с крепежными элементами и соединительными пластинами, необходимыми для монтажа в комплекте с крепежными элементами и соединительными пластинами, необходимыми для монтажа, цинк-ламельный;90;80;150;1;4
Угол CDV 90 вертикальный внеш. 90 200x80 в комплекте с крепежными элементами и соединительными пластинами, необходимыми для монтажа в комплекте с крепежными элементами и соединительными пластинами, необходимыми для монтажа в комплекте с крепежными элементами и соединительными пластинами, необходимыми для монтажа в комплекте с крепежными элементами и соединительными пластинами, необходимыми для монтажа в комплекте с крепежными элементами и соединительными пластинами, необходимыми для монтажа в комплекте с крепежными элементами и соединительными пластинами, необходимыми для монтажа в комплекте с крепежными элементами и соединительными пластинами, необходимыми для монтажа в комплекте с крепежными элементами и соединительными пластинами, необходимыми для монтажа в комплекте с крепежными элементами и соединительными пластинами, необходимыми для монтажа, цинк-ламельный;90;80;200;1;4
Угол CDV 90 вертикальный внеш. 90 300x80 в комплекте с крепежными элементами и соединительными пластинами, необходимыми для монтажа в комплекте с крепежными элементами и соединительными пластинами, необходимыми для монтажа в комплекте с крепежными элементами и соединительными пластинами, необходимыми для монтажа в комплекте с крепежными элементами и соединительными пластинами, необходимыми для монтажа в комплекте с крепежными элементами и соединительными пластинами, необходимыми для монтажа в комплекте с крепежными элементами и соединительными пластинами, необходимыми для монтажа в комплекте с крепежными элементами и соединительными пластинами, необходимыми для монтажа в комплекте с крепежными элементами и соединительными пластинами, необходимыми для монтажа в комплекте с крепежными элементами и соединительными пластинами, необходимыми для монтажа, цинк-ламельный;90;80;300;1;4
Угол CDV 90 вертикальный внеш. 90 400x80 в комплекте с крепежными элементами и соединительными пластинами, необходимыми для монтажа в комплекте с крепежными элементами и соединительными пластинами, необходимыми для монтажа в комплекте с крепежными элементами и соединительными пластинами, необходимыми для монтажа в комплекте с крепежными элементами и соединительными пластинами, необходимыми для монтажа в комплекте с крепежными элементами и соединительными пластинами, необходимыми для монтажа в комплекте с крепежными элементами и соединительными пластинами, необходимыми для монтажа в комплекте с крепежными элементами и соединительными пластинами, необходимыми для монтажа в комплекте с крепежными элементами и соединительными пластинами, необходимыми для монтажа в комплекте с крепежными элементами и соединительными пластинами, необходимыми для монтажа, цинк-ламельный;90;80;400;1;4
Угол CDV 90 вертикальный внеш. 90 500x80 в комплекте с крепежными элементами и соединительными пластинами, необходимыми для монтажа в комплекте с крепежными элементами и соединительными пластинами, необходимыми для монтажа в комплекте с крепежными элементами и соединительными пластинами, необходимыми для монтажа в комплекте с крепежными элементами и соединительными пластинами, необходимыми для монтажа в комплекте с крепежными элементами и соединительными пластинами, необходимыми для монтажа в комплекте с крепежными элементами и соединительными пластинами, необходимыми для монтажа в комплекте с крепежными элементами и соединительными пластинами, необходимыми для монтажа в комплекте с крепежными элементами и соединительными пластинами, необходимыми для монтажа в комплекте с крепежными элементами и соединительными пластинами, необходимыми для монтажа, цинк-ламельный;90;80;500;1;4
Угол CDV 90 вертикальный внеш. 90 600x80 в комплекте с крепежными элементами и соединительными пластинами, необходимыми для монтажа в комплекте с крепежными элементами и соединительными пластинами, необходимыми для монтажа в комплекте с крепежными элементами и соединительными пластинами, необходимыми для монтажа в комплекте с крепежными элементами и соединительными пластинами, необходимыми для монтажа в комплекте с крепежными элементами и соединительными пластинами, необходимыми для монтажа в комплекте с крепежными элементами и соединительными пластинами, необходимыми для монтажа в комплекте с крепежными элементами и соединительными пластинами, необходимыми для монтажа в комплекте с крепежными элементами и соединительными пластинами, необходимыми для монтажа в комплекте с крепежными элементами и соединительными пластинами, необходимыми для монтажа, цинк-ламельный;90;80;600;1;4
Угол CDV 90 вертикальный внеш. 90 100x100 в комплекте с крепежными элементами и соединительными пластинами, необходимыми для монтажа в комплекте с крепежными элементами и соединительными пластинами, необходимыми для монтажа в комплекте с крепежными элементами и соединительными пластинами, необходимыми для монтажа в комплекте с крепежными элементами и соединительными пластинами, необходимыми для монтажа в комплекте с крепежными элементами и соединительными пластинами, необходимыми для монтажа в комплекте с крепежными элементами и соединительными пластинами, необходимыми для монтажа в комплекте с крепежными элементами и соединительными пластинами, необходимыми для монтажа в комплекте с крепежными элементами и соединительными пластинами, необходимыми для монтажа в комплекте с крепежными элементами и соединительными пластинами, необходимыми для монтажа;90;100;100;1;1
Угол CDV 90 вертикальный внеш. 90 150x100 в комплекте с крепежными элементами и соединительными пластинами, необходимыми для монтажа в комплекте с крепежными элементами и соединительными пластинами, необходимыми для монтажа в комплекте с крепежными элементами и соединительными пластинами, необходимыми для монтажа в комплекте с крепежными элементами и соединительными пластинами, необходимыми для монтажа в комплекте с крепежными элементами и соединительными пластинами, необходимыми для монтажа в комплекте с крепежными элементами и соединительными пластинами, необходимыми для монтажа в комплекте с крепежными элементами и соединительными пластинами, необходимыми для монтажа в комплекте с крепежными элементами и соединительными пластинами, необходимыми для монтажа в комплекте с крепежными элементами и соединительными пластинами, необходимыми для монтажа;90;100;150;1;1
Угол CDV 90 вертикальный внеш. 90 200x100 в комплекте с крепежными элементами и соединительными пластинами, необходимыми для монтажа в комплекте с крепежными элементами и соединительными пластинами, необходимыми для монтажа в комплекте с крепежными элементами и соединительными пластинами, необходимыми для монтажа в комплекте с крепежными элементами и соединительными пластинами, необходимыми для монтажа в комплекте с крепежными элементами и соединительными пластинами, необходимыми для монтажа в комплекте с крепежными элементами и соединительными пластинами, необходимыми для монтажа в комплекте с крепежными элементами и соединительными пластинами, необходимыми для монтажа в комплекте с крепежными элементами и соединительными пластинами, необходимыми для монтажа в комплекте с крепежными элементами и соединительными пластинами, необходимыми для монтажа;90;100;200;1;1
Угол CDV 90 вертикальный внеш. 90 300x100 в комплекте с крепежными элементами и соединительными пластинами, необходимыми для монтажа в комплекте с крепежными элементами и соединительными пластинами, необходимыми для монтажа в комплекте с крепежными элементами и соединительными пластинами, необходимыми для монтажа в комплекте с крепежными элементами и соединительными пластинами, необходимыми для монтажа в комплекте с крепежными элементами и соединительными пластинами, необходимыми для монтажа в комплекте с крепежными элементами и соединительными пластинами, необходимыми для монтажа в комплекте с крепежными элементами и соединительными пластинами, необходимыми для монтажа в комплекте с крепежными элементами и соединительными пластинами, необходимыми для монтажа в комплекте с крепежными элементами и соединительными пластинами, необходимыми для монтажа;90;100;300;1;1
Угол CDV 90 вертикальный внеш. 90 400x100 в комплекте с крепежными элементами и соединительными пластинами, необходимыми для монтажа в комплекте с крепежными элементами и соединительными пластинами, необходимыми для монтажа в комплекте с крепежными элементами и соединительными пластинами, необходимыми для монтажа в комплекте с крепежными элементами и соединительными пластинами, необходимыми для монтажа в комплекте с крепежными элементами и соединительными пластинами, необходимыми для монтажа в комплекте с крепежными элементами и соединительными пластинами, необходимыми для монтажа в комплекте с крепежными элементами и соединительными пластинами, необходимыми для монтажа в комплекте с крепежными элементами и соединительными пластинами, необходимыми для монтажа в комплекте с крепежными элементами и соединительными пластинами, необходимыми для монтажа;90;100;400;1;1
Угол CDV 90 вертикальный внеш. 90 500x100 в комплекте с крепежными элементами и соединительными пластинами, необходимыми для монтажа в комплекте с крепежными элементами и соединительными пластинами, необходимыми для монтажа в комплекте с крепежными элементами и соединительными пластинами, необходимыми для монтажа в комплекте с крепежными элементами и соединительными пластинами, необходимыми для монтажа в комплекте с крепежными элементами и соединительными пластинами, необходимыми для монтажа в комплекте с крепежными элементами и соединительными пластинами, необходимыми для монтажа в комплекте с крепежными элементами и соединительными пластинами, необходимыми для монтажа в комплекте с крепежными элементами и соединительными пластинами, необходимыми для монтажа в комплекте с крепежными элементами и соединительными пластинами, необходимыми для монтажа;90;100;500;1;1
Угол CDV 90 вертикальный внеш. 90 600x100 в комплекте с крепежными элементами и соединительными пластинами, необходимыми для монтажа в комплекте с крепежными элементами и соединительными пластинами, необходимыми для монтажа в комплекте с крепежными элементами и соединительными пластинами, необходимыми для монтажа в комплекте с крепежными элементами и соединительными пластинами, необходимыми для монтажа в комплекте с крепежными элементами и соединительными пластинами, необходимыми для монтажа в комплекте с крепежными элементами и соединительными пластинами, необходимыми для монтажа в комплекте с крепежными элементами и соединительными пластинами, необходимыми для монтажа в комплекте с крепежными элементами и соединительными пластинами, необходимыми для монтажа в комплекте с крепежными элементами и соединительными пластинами, необходимыми для монтажа;90;100;600;1;1
Угол CDV 90 вертикальный внеш. 90 100x100 в комплекте с крепежными элементами и соединительными пластинами, необходимыми для монтажа в комплекте с крепежными элементами и соединительными пластинами, необходимыми для монтажа в комплекте с крепежными элементами и соединительными пластинами, необходимыми для монтажа в комплекте с крепежными элементами и соединительными пластинами, необходимыми для монтажа в комплекте с крепежными элементами и соединительными пластинами, необходимыми для монтажа в комплекте с крепежными элементами и соединительными пластинами, необходимыми для монтажа в комплекте с крепежными элементами и соединительными пластинами, необходимыми для монтажа в комплекте с крепежными элементами и соединительными пластинами, необходимыми для монтажа в комплекте с крепежными элементами и соединительными пластинами, необходимыми для монтажа, горячеоцинкованный;90;100;100;1;2
Угол CDV 90 вертикальный внеш. 90 150x100 в комплекте с крепежными элементами и соединительными пластинами, необходимыми для монтажа в комплекте с крепежными элементами и соединительными пластинами, необходимыми для монтажа в комплекте с крепежными элементами и соединительными пластинами, необходимыми для монтажа в комплекте с крепежными элементами и соединительными пластинами, необходимыми для монтажа в комплекте с крепежными элементами и соединительными пластинами, необходимыми для монтажа в комплекте с крепежными элементами и соединительными пластинами, необходимыми для монтажа в комплекте с крепежными элементами и соединительными пластинами, необходимыми для монтажа в комплекте с крепежными элементами и соединительными пластинами, необходимыми для монтажа в комплекте с крепежными элементами и соединительными пластинами, необходимыми для монтажа, горячеоцинкованный;90;100;150;1;2
Угол CDV 90 вертикальный внеш. 90 200x100 в комплекте с крепежными элементами и соединительными пластинами, необходимыми для монтажа в комплекте с крепежными элементами и соединительными пластинами, необходимыми для монтажа в комплекте с крепежными элементами и соединительными пластинами, необходимыми для монтажа в комплекте с крепежными элементами и соединительными пластинами, необходимыми для монтажа в комплекте с крепежными элементами и соединительными пластинами, необходимыми для монтажа в комплекте с крепежными элементами и соединительными пластинами, необходимыми для монтажа в комплекте с крепежными элементами и соединительными пластинами, необходимыми для монтажа в комплекте с крепежными элементами и соединительными пластинами, необходимыми для монтажа в комплекте с крепежными элементами и соединительными пластинами, необходимыми для монтажа, горячеоцинкованный;90;100;200;1;2
Угол CDV 90 вертикальный внеш. 90 300x100 в комплекте с крепежными элементами и соединительными пластинами, необходимыми для монтажа в комплекте с крепежными элементами и соединительными пластинами, необходимыми для монтажа в комплекте с крепежными элементами и соединительными пластинами, необходимыми для монтажа в комплекте с крепежными элементами и соединительными пластинами, необходимыми для монтажа в комплекте с крепежными элементами и соединительными пластинами, необходимыми для монтажа в комплекте с крепежными элементами и соединительными пластинами, необходимыми для монтажа в комплекте с крепежными элементами и соединительными пластинами, необходимыми для монтажа в комплекте с крепежными элементами и соединительными пластинами, необходимыми для монтажа в комплекте с крепежными элементами и соединительными пластинами, необходимыми для монтажа, горячеоцинкованный;90;100;300;1;2
Угол CDV 90 вертикальный внеш. 90 400x100 в комплекте с крепежными элементами и соединительными пластинами, необходимыми для монтажа в комплекте с крепежными элементами и соединительными пластинами, необходимыми для монтажа в комплекте с крепежными элементами и соединительными пластинами, необходимыми для монтажа в комплекте с крепежными элементами и соединительными пластинами, необходимыми для монтажа в комплекте с крепежными элементами и соединительными пластинами, необходимыми для монтажа в комплекте с крепежными элементами и соединительными пластинами, необходимыми для монтажа в комплекте с крепежными элементами и соединительными пластинами, необходимыми для монтажа в комплекте с крепежными элементами и соединительными пластинами, необходимыми для монтажа в комплекте с крепежными элементами и соединительными пластинами, необходимыми для монтажа, горячеоцинкованный;90;100;400;1;2
Угол CDV 90 вертикальный внеш. 90 500x100 в комплекте с крепежными элементами и соединительными пластинами, необходимыми для монтажа в комплекте с крепежными элементами и соединительными пластинами, необходимыми для монтажа в комплекте с крепежными элементами и соединительными пластинами, необходимыми для монтажа в комплекте с крепежными элементами и соединительными пластинами, необходимыми для монтажа в комплекте с крепежными элементами и соединительными пластинами, необходимыми для монтажа в комплекте с крепежными элементами и соединительными пластинами, необходимыми для монтажа в комплекте с крепежными элементами и соединительными пластинами, необходимыми для монтажа в комплекте с крепежными элементами и соединительными пластинами, необходимыми для монтажа в комплекте с крепежными элементами и соединительными пластинами, необходимыми для монтажа, горячеоцинкованный;90;100;500;1;2
Угол CDV 90 вертикальный внеш. 90 600x100 в комплекте с крепежными элементами и соединительными пластинами, необходимыми для монтажа в комплекте с крепежными элементами и соединительными пластинами, необходимыми для монтажа в комплекте с крепежными элементами и соединительными пластинами, необходимыми для монтажа в комплекте с крепежными элементами и соединительными пластинами, необходимыми для монтажа в комплекте с крепежными элементами и соединительными пластинами, необходимыми для монтажа в комплекте с крепежными элементами и соединительными пластинами, необходимыми для монтажа в комплекте с крепежными элементами и соединительными пластинами, необходимыми для монтажа в комплекте с крепежными элементами и соединительными пластинами, необходимыми для монтажа в комплекте с крепежными элементами и соединительными пластинами, необходимыми для монтажа, горячеоцинкованный;90;100;600;1;2
Угол CDV 90 вертикальный внеш. 90 100x100 в комплекте с крепежными элементами и соединительными пластинами, необходимыми для монтажа в комплекте с крепежными элементами и соединительными пластинами, необходимыми для монтажа в комплекте с крепежными элементами и соединительными пластинами, необходимыми для монтажа в комплекте с крепежными элементами и соединительными пластинами, необходимыми для монтажа в комплекте с крепежными элементами и соединительными пластинами, необходимыми для монтажа в комплекте с крепежными элементами и соединительными пластинами, необходимыми для монтажа в комплекте с крепежными элементами и соединительными пластинами, необходимыми для монтажа в комплекте с крепежными элементами и соединительными пластинами, необходимыми для монтажа в комплекте с крепежными элементами и соединительными пластинами, необходимыми для монтажа, нержавеющий;90;100;100;1;3
Угол CDV 90 вертикальный внеш. 90 150x100 в комплекте с крепежными элементами и соединительными пластинами, необходимыми для монтажа в комплекте с крепежными элементами и соединительными пластинами, необходимыми для монтажа в комплекте с крепежными элементами и соединительными пластинами, необходимыми для монтажа в комплекте с крепежными элементами и соединительными пластинами, необходимыми для монтажа в комплекте с крепежными элементами и соединительными пластинами, необходимыми для монтажа в комплекте с крепежными элементами и соединительными пластинами, необходимыми для монтажа в комплекте с крепежными элементами и соединительными пластинами, необходимыми для монтажа в комплекте с крепежными элементами и соединительными пластинами, необходимыми для монтажа в комплекте с крепежными элементами и соединительными пластинами, необходимыми для монтажа, нержавеющий;90;100;150;1;3
Угол CDV 90 вертикальный внеш. 90 200x100 в комплекте с крепежными элементами и соединительными пластинами, необходимыми для монтажа в комплекте с крепежными элементами и соединительными пластинами, необходимыми для монтажа в комплекте с крепежными элементами и соединительными пластинами, необходимыми для монтажа в комплекте с крепежными элементами и соединительными пластинами, необходимыми для монтажа в комплекте с крепежными элементами и соединительными пластинами, необходимыми для монтажа в комплекте с крепежными элементами и соединительными пластинами, необходимыми для монтажа в комплекте с крепежными элементами и соединительными пластинами, необходимыми для монтажа в комплекте с крепежными элементами и соединительными пластинами, необходимыми для монтажа в комплекте с крепежными элементами и соединительными пластинами, необходимыми для монтажа, нержавеющий;90;100;200;1;3
Угол CDV 90 вертикальный внеш. 90 300x100 в комплекте с крепежными элементами и соединительными пластинами, необходимыми для монтажа в комплекте с крепежными элементами и соединительными пластинами, необходимыми для монтажа в комплекте с крепежными элементами и соединительными пластинами, необходимыми для монтажа в комплекте с крепежными элементами и соединительными пластинами, необходимыми для монтажа в комплекте с крепежными элементами и соединительными пластинами, необходимыми для монтажа в комплекте с крепежными элементами и соединительными пластинами, необходимыми для монтажа в комплекте с крепежными элементами и соединительными пластинами, необходимыми для монтажа в комплекте с крепежными элементами и соединительными пластинами, необходимыми для монтажа в комплекте с крепежными элементами и соединительными пластинами, необходимыми для монтажа, нержавеющий;90;100;300;1;3
Угол CDV 90 вертикальный внеш. 90 400x100 в комплекте с крепежными элементами и соединительными пластинами, необходимыми для монтажа в комплекте с крепежными элементами и соединительными пластинами, необходимыми для монтажа в комплекте с крепежными элементами и соединительными пластинами, необходимыми для монтажа в комплекте с крепежными элементами и соединительными пластинами, необходимыми для монтажа в комплекте с крепежными элементами и соединительными пластинами, необходимыми для монтажа в комплекте с крепежными элементами и соединительными пластинами, необходимыми для монтажа в комплекте с крепежными элементами и соединительными пластинами, необходимыми для монтажа в комплекте с крепежными элементами и соединительными пластинами, необходимыми для монтажа в комплекте с крепежными элементами и соединительными пластинами, необходимыми для монтажа, нержавеющий;90;100;400;1;3
Угол CDV 90 вертикальный внеш. 90 500x100 в комплекте с крепежными элементами и соединительными пластинами, необходимыми для монтажа в комплекте с крепежными элементами и соединительными пластинами, необходимыми для монтажа в комплекте с крепежными элементами и соединительными пластинами, необходимыми для монтажа в комплекте с крепежными элементами и соединительными пластинами, необходимыми для монтажа в комплекте с крепежными элементами и соединительными пластинами, необходимыми для монтажа в комплекте с крепежными элементами и соединительными пластинами, необходимыми для монтажа в комплекте с крепежными элементами и соединительными пластинами, необходимыми для монтажа в комплекте с крепежными элементами и соединительными пластинами, необходимыми для монтажа в комплекте с крепежными элементами и соединительными пластинами, необходимыми для монтажа, нержавеющий;90;100;500;1;3
Угол CDV 90 вертикальный внеш. 90 600x100 в комплекте с крепежными элементами и соединительными пластинами, необходимыми для монтажа в комплекте с крепежными элементами и соединительными пластинами, необходимыми для монтажа в комплекте с крепежными элементами и соединительными пластинами, необходимыми для монтажа в комплекте с крепежными элементами и соединительными пластинами, необходимыми для монтажа в комплекте с крепежными элементами и соединительными пластинами, необходимыми для монтажа в комплекте с крепежными элементами и соединительными пластинами, необходимыми для монтажа в комплекте с крепежными элементами и соединительными пластинами, необходимыми для монтажа в комплекте с крепежными элементами и соединительными пластинами, необходимыми для монтажа в комплекте с крепежными элементами и соединительными пластинами, необходимыми для монтажа, нержавеющий;90;100;600;1;3
Угол CDV 90 вертикальный внеш. 90 100x100 в комплекте с крепежными элементами и соединительными пластинами, необходимыми для монтажа в комплекте с крепежными элементами и соединительными пластинами, необходимыми для монтажа в комплекте с крепежными элементами и соединительными пластинами, необходимыми для монтажа в комплекте с крепежными элементами и соединительными пластинами, необходимыми для монтажа в комплекте с крепежными элементами и соединительными пластинами, необходимыми для монтажа в комплекте с крепежными элементами и соединительными пластинами, необходимыми для монтажа в комплекте с крепежными элементами и соединительными пластинами, необходимыми для монтажа в комплекте с крепежными элементами и соединительными пластинами, необходимыми для монтажа в комплекте с крепежными элементами и соединительными пластинами, необходимыми для монтажа, цинк-ламельный;90;100;100;1;4
Угол CDV 90 вертикальный внеш. 90 150x100 в комплекте с крепежными элементами и соединительными пластинами, необходимыми для монтажа в комплекте с крепежными элементами и соединительными пластинами, необходимыми для монтажа в комплекте с крепежными элементами и соединительными пластинами, необходимыми для монтажа в комплекте с крепежными элементами и соединительными пластинами, необходимыми для монтажа в комплекте с крепежными элементами и соединительными пластинами, необходимыми для монтажа в комплекте с крепежными элементами и соединительными пластинами, необходимыми для монтажа в комплекте с крепежными элементами и соединительными пластинами, необходимыми для монтажа в комплекте с крепежными элементами и соединительными пластинами, необходимыми для монтажа в комплекте с крепежными элементами и соединительными пластинами, необходимыми для монтажа, цинк-ламельный;90;100;150;1;4
Угол CDV 90 вертикальный внеш. 90 200x100 в комплекте с крепежными элементами и соединительными пластинами, необходимыми для монтажа в комплекте с крепежными элементами и соединительными пластинами, необходимыми для монтажа в комплекте с крепежными элементами и соединительными пластинами, необходимыми для монтажа в комплекте с крепежными элементами и соединительными пластинами, необходимыми для монтажа в комплекте с крепежными элементами и соединительными пластинами, необходимыми для монтажа в комплекте с крепежными элементами и соединительными пластинами, необходимыми для монтажа в комплекте с крепежными элементами и соединительными пластинами, необходимыми для монтажа в комплекте с крепежными элементами и соединительными пластинами, необходимыми для монтажа в комплекте с крепежными элементами и соединительными пластинами, необходимыми для монтажа, цинк-ламельный;90;100;200;1;4
Угол CDV 90 вертикальный внеш. 90 300x100 в комплекте с крепежными элементами и соединительными пластинами, необходимыми для монтажа в комплекте с крепежными элементами и соединительными пластинами, необходимыми для монтажа в комплекте с крепежными элементами и соединительными пластинами, необходимыми для монтажа в комплекте с крепежными элементами и соединительными пластинами, необходимыми для монтажа в комплекте с крепежными элементами и соединительными пластинами, необходимыми для монтажа в комплекте с крепежными элементами и соединительными пластинами, необходимыми для монтажа в комплекте с крепежными элементами и соединительными пластинами, необходимыми для монтажа в комплекте с крепежными элементами и соединительными пластинами, необходимыми для монтажа в комплекте с крепежными элементами и соединительными пластинами, необходимыми для монтажа, цинк-ламельный;90;100;300;1;4
Угол CDV 90 вертикальный внеш. 90 400x100 в комплекте с крепежными элементами и соединительными пластинами, необходимыми для монтажа в комплекте с крепежными элементами и соединительными пластинами, необходимыми для монтажа в комплекте с крепежными элементами и соединительными пластинами, необходимыми для монтажа в комплекте с крепежными элементами и соединительными пластинами, необходимыми для монтажа в комплекте с крепежными элементами и соединительными пластинами, необходимыми для монтажа в комплекте с крепежными элементами и соединительными пластинами, необходимыми для монтажа в комплекте с крепежными элементами и соединительными пластинами, необходимыми для монтажа в комплекте с крепежными элементами и соединительными пластинами, необходимыми для монтажа в комплекте с крепежными элементами и соединительными пластинами, необходимыми для монтажа, цинк-ламельный;90;100;400;1;4
Угол CDV 90 вертикальный внеш. 90 500x100 в комплекте с крепежными элементами и соединительными пластинами, необходимыми для монтажа в комплекте с крепежными элементами и соединительными пластинами, необходимыми для монтажа в комплекте с крепежными элементами и соединительными пластинами, необходимыми для монтажа в комплекте с крепежными элементами и соединительными пластинами, необходимыми для монтажа в комплекте с крепежными элементами и соединительными пластинами, необходимыми для монтажа в комплекте с крепежными элементами и соединительными пластинами, необходимыми для монтажа в комплекте с крепежными элементами и соединительными пластинами, необходимыми для монтажа в комплекте с крепежными элементами и соединительными пластинами, необходимыми для монтажа в комплекте с крепежными элементами и соединительными пластинами, необходимыми для монтажа, цинк-ламельный;90;100;500;1;4
Угол CDV 90 вертикальный внеш. 90 600x100 в комплекте с крепежными элементами и соединительными пластинами, необходимыми для монтажа в комплекте с крепежными элементами и соединительными пластинами, необходимыми для монтажа в комплекте с крепежными элементами и соединительными пластинами, необходимыми для монтажа в комплекте с крепежными элементами и соединительными пластинами, необходимыми для монтажа в комплекте с крепежными элементами и соединительными пластинами, необходимыми для монтажа в комплекте с крепежными элементами и соединительными пластинами, необходимыми для монтажа в комплекте с крепежными элементами и соединительными пластинами, необходимыми для монтажа в комплекте с крепежными элементами и соединительными пластинами, необходимыми для монтажа в комплекте с крепежными элементами и соединительными пластинами, необходимыми для монтажа, цинк-ламельный;90;100;600;1;4
