;height##length##millimeters;width##length##millimeters;width2##length##millimeters;depth##length##millimeters;ispolnenie##number##feet
Ответвитель-переходник TDSR Т-обр. вертикальный 100/80 в комплекте с крепежными элементами и соединительными пластинами, необходимыми для монтажа в комплекте с крепежными элементами и соединительными пластинами, необходимыми для монтажа в комплекте с крепежными элементами и соединительными пластинами, необходимыми для монтажа в комплекте с крепежными элементами и соединительными пластинами, необходимыми для монтажа в комплекте с крепежными элементами и соединительными пластинами, необходимыми для монтажа в комплекте с крепежными элементами и соединительными пластинами, необходимыми для монтажа в комплекте с крепежными элементами и соединительными пластинами, необходимыми для монтажа в комплекте с крепежными элементами и соединительными пластинами, необходимыми для монтажа в комплекте с крепежными элементами и соединительными пластинами, необходимыми для монтажа;80;100;80;0.8;1
Ответвитель-переходник TDSR Т-обр. вертикальный 150/80 в комплекте с крепежными элементами и соединительными пластинами, необходимыми для монтажа в комплекте с крепежными элементами и соединительными пластинами, необходимыми для монтажа в комплекте с крепежными элементами и соединительными пластинами, необходимыми для монтажа в комплекте с крепежными элементами и соединительными пластинами, необходимыми для монтажа в комплекте с крепежными элементами и соединительными пластинами, необходимыми для монтажа в комплекте с крепежными элементами и соединительными пластинами, необходимыми для монтажа в комплекте с крепежными элементами и соединительными пластинами, необходимыми для монтажа в комплекте с крепежными элементами и соединительными пластинами, необходимыми для монтажа в комплекте с крепежными элементами и соединительными пластинами, необходимыми для монтажа;80;150;80;0.8;1
Ответвитель-переходник TDSR Т-обр. вертикальный 150/100 в комплекте с крепежными элементами и соединительными пластинами, необходимыми для монтажа в комплекте с крепежными элементами и соединительными пластинами, необходимыми для монтажа в комплекте с крепежными элементами и соединительными пластинами, необходимыми для монтажа в комплекте с крепежными элементами и соединительными пластинами, необходимыми для монтажа в комплекте с крепежными элементами и соединительными пластинами, необходимыми для монтажа в комплекте с крепежными элементами и соединительными пластинами, необходимыми для монтажа в комплекте с крепежными элементами и соединительными пластинами, необходимыми для монтажа в комплекте с крепежными элементами и соединительными пластинами, необходимыми для монтажа в комплекте с крепежными элементами и соединительными пластинами, необходимыми для монтажа;80;150;100;0.8;1
Ответвитель-переходник TDSR Т-обр. вертикальный 200/80 в комплекте с крепежными элементами и соединительными пластинами, необходимыми для монтажа в комплекте с крепежными элементами и соединительными пластинами, необходимыми для монтажа в комплекте с крепежными элементами и соединительными пластинами, необходимыми для монтажа в комплекте с крепежными элементами и соединительными пластинами, необходимыми для монтажа в комплекте с крепежными элементами и соединительными пластинами, необходимыми для монтажа в комплекте с крепежными элементами и соединительными пластинами, необходимыми для монтажа в комплекте с крепежными элементами и соединительными пластинами, необходимыми для монтажа в комплекте с крепежными элементами и соединительными пластинами, необходимыми для монтажа в комплекте с крепежными элементами и соединительными пластинами, необходимыми для монтажа;80;200;80;0.8;1
Ответвитель-переходник TDSR Т-обр. вертикальный 200/100 в комплекте с крепежными элементами и соединительными пластинами, необходимыми для монтажа в комплекте с крепежными элементами и соединительными пластинами, необходимыми для монтажа в комплекте с крепежными элементами и соединительными пластинами, необходимыми для монтажа в комплекте с крепежными элементами и соединительными пластинами, необходимыми для монтажа в комплекте с крепежными элементами и соединительными пластинами, необходимыми для монтажа в комплекте с крепежными элементами и соединительными пластинами, необходимыми для монтажа в комплекте с крепежными элементами и соединительными пластинами, необходимыми для монтажа в комплекте с крепежными элементами и соединительными пластинами, необходимыми для монтажа в комплекте с крепежными элементами и соединительными пластинами, необходимыми для монтажа;80;200;100;0.8;1
Ответвитель-переходник TDSR Т-обр. вертикальный 200/150 в комплекте с крепежными элементами и соединительными пластинами, необходимыми для монтажа в комплекте с крепежными элементами и соединительными пластинами, необходимыми для монтажа в комплекте с крепежными элементами и соединительными пластинами, необходимыми для монтажа в комплекте с крепежными элементами и соединительными пластинами, необходимыми для монтажа в комплекте с крепежными элементами и соединительными пластинами, необходимыми для монтажа в комплекте с крепежными элементами и соединительными пластинами, необходимыми для монтажа в комплекте с крепежными элементами и соединительными пластинами, необходимыми для монтажа в комплекте с крепежными элементами и соединительными пластинами, необходимыми для монтажа в комплекте с крепежными элементами и соединительными пластинами, необходимыми для монтажа;80;200;150;0.8;1
Ответвитель-переходник TDSR Т-обр. вертикальный 300/80 в комплекте с крепежными элементами и соединительными пластинами, необходимыми для монтажа в комплекте с крепежными элементами и соединительными пластинами, необходимыми для монтажа в комплекте с крепежными элементами и соединительными пластинами, необходимыми для монтажа в комплекте с крепежными элементами и соединительными пластинами, необходимыми для монтажа в комплекте с крепежными элементами и соединительными пластинами, необходимыми для монтажа в комплекте с крепежными элементами и соединительными пластинами, необходимыми для монтажа в комплекте с крепежными элементами и соединительными пластинами, необходимыми для монтажа в комплекте с крепежными элементами и соединительными пластинами, необходимыми для монтажа в комплекте с крепежными элементами и соединительными пластинами, необходимыми для монтажа;80;300;80;0.8;1
Ответвитель-переходник TDSR Т-обр. вертикальный 300/100 в комплекте с крепежными элементами и соединительными пластинами, необходимыми для монтажа в комплекте с крепежными элементами и соединительными пластинами, необходимыми для монтажа в комплекте с крепежными элементами и соединительными пластинами, необходимыми для монтажа в комплекте с крепежными элементами и соединительными пластинами, необходимыми для монтажа в комплекте с крепежными элементами и соединительными пластинами, необходимыми для монтажа в комплекте с крепежными элементами и соединительными пластинами, необходимыми для монтажа в комплекте с крепежными элементами и соединительными пластинами, необходимыми для монтажа в комплекте с крепежными элементами и соединительными пластинами, необходимыми для монтажа в комплекте с крепежными элементами и соединительными пластинами, необходимыми для монтажа;80;300;100;0.8;1
Ответвитель-переходник TDSR Т-обр. вертикальный 300/150 в комплекте с крепежными элементами и соединительными пластинами, необходимыми для монтажа в комплекте с крепежными элементами и соединительными пластинами, необходимыми для монтажа в комплекте с крепежными элементами и соединительными пластинами, необходимыми для монтажа в комплекте с крепежными элементами и соединительными пластинами, необходимыми для монтажа в комплекте с крепежными элементами и соединительными пластинами, необходимыми для монтажа в комплекте с крепежными элементами и соединительными пластинами, необходимыми для монтажа в комплекте с крепежными элементами и соединительными пластинами, необходимыми для монтажа в комплекте с крепежными элементами и соединительными пластинами, необходимыми для монтажа в комплекте с крепежными элементами и соединительными пластинами, необходимыми для монтажа;80;300;150;0.8;1
Ответвитель-переходник TDSR Т-обр. вертикальный 300/200 в комплекте с крепежными элементами и соединительными пластинами, необходимыми для монтажа в комплекте с крепежными элементами и соединительными пластинами, необходимыми для монтажа в комплекте с крепежными элементами и соединительными пластинами, необходимыми для монтажа в комплекте с крепежными элементами и соединительными пластинами, необходимыми для монтажа в комплекте с крепежными элементами и соединительными пластинами, необходимыми для монтажа в комплекте с крепежными элементами и соединительными пластинами, необходимыми для монтажа в комплекте с крепежными элементами и соединительными пластинами, необходимыми для монтажа в комплекте с крепежными элементами и соединительными пластинами, необходимыми для монтажа в комплекте с крепежными элементами и соединительными пластинами, необходимыми для монтажа;80;300;200;0.8;1
Ответвитель-переходник TDSR Т-обр. вертикальный 400/150 в комплекте с крепежными элементами и соединительными пластинами, необходимыми для монтажа в комплекте с крепежными элементами и соединительными пластинами, необходимыми для монтажа в комплекте с крепежными элементами и соединительными пластинами, необходимыми для монтажа в комплекте с крепежными элементами и соединительными пластинами, необходимыми для монтажа в комплекте с крепежными элементами и соединительными пластинами, необходимыми для монтажа в комплекте с крепежными элементами и соединительными пластинами, необходимыми для монтажа в комплекте с крепежными элементами и соединительными пластинами, необходимыми для монтажа в комплекте с крепежными элементами и соединительными пластинами, необходимыми для монтажа в комплекте с крепежными элементами и соединительными пластинами, необходимыми для монтажа;80;400;150;0.8;1
Ответвитель-переходник TDSR Т-обр. вертикальный 400/200 в комплекте с крепежными элементами и соединительными пластинами, необходимыми для монтажа в комплекте с крепежными элементами и соединительными пластинами, необходимыми для монтажа в комплекте с крепежными элементами и соединительными пластинами, необходимыми для монтажа в комплекте с крепежными элементами и соединительными пластинами, необходимыми для монтажа в комплекте с крепежными элементами и соединительными пластинами, необходимыми для монтажа в комплекте с крепежными элементами и соединительными пластинами, необходимыми для монтажа в комплекте с крепежными элементами и соединительными пластинами, необходимыми для монтажа в комплекте с крепежными элементами и соединительными пластинами, необходимыми для монтажа в комплекте с крепежными элементами и соединительными пластинами, необходимыми для монтажа;80;400;200;0.8;1
Ответвитель-переходник TDSR Т-обр. вертикальный 500/200 в комплекте с крепежными элементами и соединительными пластинами, необходимыми для монтажа в комплекте с крепежными элементами и соединительными пластинами, необходимыми для монтажа в комплекте с крепежными элементами и соединительными пластинами, необходимыми для монтажа в комплекте с крепежными элементами и соединительными пластинами, необходимыми для монтажа в комплекте с крепежными элементами и соединительными пластинами, необходимыми для монтажа в комплекте с крепежными элементами и соединительными пластинами, необходимыми для монтажа в комплекте с крепежными элементами и соединительными пластинами, необходимыми для монтажа в комплекте с крепежными элементами и соединительными пластинами, необходимыми для монтажа в комплекте с крепежными элементами и соединительными пластинами, необходимыми для монтажа;80;500;200;0.8;1
Ответвитель-переходник TDSR Т-обр. вертикальный 500/300 в комплекте с крепежными элементами и соединительными пластинами, необходимыми для монтажа в комплекте с крепежными элементами и соединительными пластинами, необходимыми для монтажа в комплекте с крепежными элементами и соединительными пластинами, необходимыми для монтажа в комплекте с крепежными элементами и соединительными пластинами, необходимыми для монтажа в комплекте с крепежными элементами и соединительными пластинами, необходимыми для монтажа в комплекте с крепежными элементами и соединительными пластинами, необходимыми для монтажа в комплекте с крепежными элементами и соединительными пластинами, необходимыми для монтажа в комплекте с крепежными элементами и соединительными пластинами, необходимыми для монтажа в комплекте с крепежными элементами и соединительными пластинами, необходимыми для монтажа;80;500;300;0.8;1
Ответвитель-переходник TDSR Т-обр. вертикальный 500/400 в комплекте с крепежными элементами и соединительными пластинами, необходимыми для монтажа в комплекте с крепежными элементами и соединительными пластинами, необходимыми для монтажа в комплекте с крепежными элементами и соединительными пластинами, необходимыми для монтажа в комплекте с крепежными элементами и соединительными пластинами, необходимыми для монтажа в комплекте с крепежными элементами и соединительными пластинами, необходимыми для монтажа в комплекте с крепежными элементами и соединительными пластинами, необходимыми для монтажа в комплекте с крепежными элементами и соединительными пластинами, необходимыми для монтажа в комплекте с крепежными элементами и соединительными пластинами, необходимыми для монтажа в комплекте с крепежными элементами и соединительными пластинами, необходимыми для монтажа;80;500;400;0.8;1
Ответвитель-переходник TDSR Т-обр. вертикальный 100/80 в комплекте с крепежными элементами и соединительными пластинами, необходимыми для монтажа в комплекте с крепежными элементами и соединительными пластинами, необходимыми для монтажа в комплекте с крепежными элементами и соединительными пластинами, необходимыми для монтажа в комплекте с крепежными элементами и соединительными пластинами, необходимыми для монтажа в комплекте с крепежными элементами и соединительными пластинами, необходимыми для монтажа в комплекте с крепежными элементами и соединительными пластинами, необходимыми для монтажа в комплекте с крепежными элементами и соединительными пластинами, необходимыми для монтажа в комплекте с крепежными элементами и соединительными пластинами, необходимыми для монтажа в комплекте с крепежными элементами и соединительными пластинами, необходимыми для монтажа, горячеоцинкованный;80;100;80;0.8;2
Ответвитель-переходник TDSR Т-обр. вертикальный 150/80 в комплекте с крепежными элементами и соединительными пластинами, необходимыми для монтажа в комплекте с крепежными элементами и соединительными пластинами, необходимыми для монтажа в комплекте с крепежными элементами и соединительными пластинами, необходимыми для монтажа в комплекте с крепежными элементами и соединительными пластинами, необходимыми для монтажа в комплекте с крепежными элементами и соединительными пластинами, необходимыми для монтажа в комплекте с крепежными элементами и соединительными пластинами, необходимыми для монтажа в комплекте с крепежными элементами и соединительными пластинами, необходимыми для монтажа в комплекте с крепежными элементами и соединительными пластинами, необходимыми для монтажа в комплекте с крепежными элементами и соединительными пластинами, необходимыми для монтажа, горячеоцинкованный;80;150;80;0.8;2
Ответвитель-переходник TDSR Т-обр. вертикальный 150/100 в комплекте с крепежными элементами и соединительными пластинами, необходимыми для монтажа в комплекте с крепежными элементами и соединительными пластинами, необходимыми для монтажа в комплекте с крепежными элементами и соединительными пластинами, необходимыми для монтажа в комплекте с крепежными элементами и соединительными пластинами, необходимыми для монтажа в комплекте с крепежными элементами и соединительными пластинами, необходимыми для монтажа в комплекте с крепежными элементами и соединительными пластинами, необходимыми для монтажа в комплекте с крепежными элементами и соединительными пластинами, необходимыми для монтажа в комплекте с крепежными элементами и соединительными пластинами, необходимыми для монтажа в комплекте с крепежными элементами и соединительными пластинами, необходимыми для монтажа, горячеоцинкованный;80;150;100;0.8;2
Ответвитель-переходник TDSR Т-обр. вертикальный 200/80 в комплекте с крепежными элементами и соединительными пластинами, необходимыми для монтажа в комплекте с крепежными элементами и соединительными пластинами, необходимыми для монтажа в комплекте с крепежными элементами и соединительными пластинами, необходимыми для монтажа в комплекте с крепежными элементами и соединительными пластинами, необходимыми для монтажа в комплекте с крепежными элементами и соединительными пластинами, необходимыми для монтажа в комплекте с крепежными элементами и соединительными пластинами, необходимыми для монтажа в комплекте с крепежными элементами и соединительными пластинами, необходимыми для монтажа в комплекте с крепежными элементами и соединительными пластинами, необходимыми для монтажа в комплекте с крепежными элементами и соединительными пластинами, необходимыми для монтажа, горячеоцинкованный;80;200;80;0.8;2
Ответвитель-переходник TDSR Т-обр. вертикальный 200/100 в комплекте с крепежными элементами и соединительными пластинами, необходимыми для монтажа в комплекте с крепежными элементами и соединительными пластинами, необходимыми для монтажа в комплекте с крепежными элементами и соединительными пластинами, необходимыми для монтажа в комплекте с крепежными элементами и соединительными пластинами, необходимыми для монтажа в комплекте с крепежными элементами и соединительными пластинами, необходимыми для монтажа в комплекте с крепежными элементами и соединительными пластинами, необходимыми для монтажа в комплекте с крепежными элементами и соединительными пластинами, необходимыми для монтажа в комплекте с крепежными элементами и соединительными пластинами, необходимыми для монтажа в комплекте с крепежными элементами и соединительными пластинами, необходимыми для монтажа, горячеоцинкованный;80;200;100;0.8;2
Ответвитель-переходник TDSR Т-обр. вертикальный 200/150 в комплекте с крепежными элементами и соединительными пластинами, необходимыми для монтажа в комплекте с крепежными элементами и соединительными пластинами, необходимыми для монтажа в комплекте с крепежными элементами и соединительными пластинами, необходимыми для монтажа в комплекте с крепежными элементами и соединительными пластинами, необходимыми для монтажа в комплекте с крепежными элементами и соединительными пластинами, необходимыми для монтажа в комплекте с крепежными элементами и соединительными пластинами, необходимыми для монтажа в комплекте с крепежными элементами и соединительными пластинами, необходимыми для монтажа в комплекте с крепежными элементами и соединительными пластинами, необходимыми для монтажа в комплекте с крепежными элементами и соединительными пластинами, необходимыми для монтажа, горячеоцинкованный;80;200;150;0.8;2
Ответвитель-переходник TDSR Т-обр. вертикальный 300/80 в комплекте с крепежными элементами и соединительными пластинами, необходимыми для монтажа в комплекте с крепежными элементами и соединительными пластинами, необходимыми для монтажа в комплекте с крепежными элементами и соединительными пластинами, необходимыми для монтажа в комплекте с крепежными элементами и соединительными пластинами, необходимыми для монтажа в комплекте с крепежными элементами и соединительными пластинами, необходимыми для монтажа в комплекте с крепежными элементами и соединительными пластинами, необходимыми для монтажа в комплекте с крепежными элементами и соединительными пластинами, необходимыми для монтажа в комплекте с крепежными элементами и соединительными пластинами, необходимыми для монтажа в комплекте с крепежными элементами и соединительными пластинами, необходимыми для монтажа, горячеоцинкованный;80;300;80;0.8;2
Ответвитель-переходник TDSR Т-обр. вертикальный 300/100 в комплекте с крепежными элементами и соединительными пластинами, необходимыми для монтажа в комплекте с крепежными элементами и соединительными пластинами, необходимыми для монтажа в комплекте с крепежными элементами и соединительными пластинами, необходимыми для монтажа в комплекте с крепежными элементами и соединительными пластинами, необходимыми для монтажа в комплекте с крепежными элементами и соединительными пластинами, необходимыми для монтажа в комплекте с крепежными элементами и соединительными пластинами, необходимыми для монтажа в комплекте с крепежными элементами и соединительными пластинами, необходимыми для монтажа в комплекте с крепежными элементами и соединительными пластинами, необходимыми для монтажа в комплекте с крепежными элементами и соединительными пластинами, необходимыми для монтажа, горячеоцинкованный;80;300;100;0.8;2
Ответвитель-переходник TDSR Т-обр. вертикальный 300/150 в комплекте с крепежными элементами и соединительными пластинами, необходимыми для монтажа в комплекте с крепежными элементами и соединительными пластинами, необходимыми для монтажа в комплекте с крепежными элементами и соединительными пластинами, необходимыми для монтажа в комплекте с крепежными элементами и соединительными пластинами, необходимыми для монтажа в комплекте с крепежными элементами и соединительными пластинами, необходимыми для монтажа в комплекте с крепежными элементами и соединительными пластинами, необходимыми для монтажа в комплекте с крепежными элементами и соединительными пластинами, необходимыми для монтажа в комплекте с крепежными элементами и соединительными пластинами, необходимыми для монтажа в комплекте с крепежными элементами и соединительными пластинами, необходимыми для монтажа, горячеоцинкованный;80;300;150;0.8;2
Ответвитель-переходник TDSR Т-обр. вертикальный 300/200 в комплекте с крепежными элементами и соединительными пластинами, необходимыми для монтажа в комплекте с крепежными элементами и соединительными пластинами, необходимыми для монтажа в комплекте с крепежными элементами и соединительными пластинами, необходимыми для монтажа в комплекте с крепежными элементами и соединительными пластинами, необходимыми для монтажа в комплекте с крепежными элементами и соединительными пластинами, необходимыми для монтажа в комплекте с крепежными элементами и соединительными пластинами, необходимыми для монтажа в комплекте с крепежными элементами и соединительными пластинами, необходимыми для монтажа в комплекте с крепежными элементами и соединительными пластинами, необходимыми для монтажа в комплекте с крепежными элементами и соединительными пластинами, необходимыми для монтажа, горячеоцинкованный;80;300;200;0.8;2
Ответвитель-переходник TDSR Т-обр. вертикальный 400/150 в комплекте с крепежными элементами и соединительными пластинами, необходимыми для монтажа в комплекте с крепежными элементами и соединительными пластинами, необходимыми для монтажа в комплекте с крепежными элементами и соединительными пластинами, необходимыми для монтажа в комплекте с крепежными элементами и соединительными пластинами, необходимыми для монтажа в комплекте с крепежными элементами и соединительными пластинами, необходимыми для монтажа в комплекте с крепежными элементами и соединительными пластинами, необходимыми для монтажа в комплекте с крепежными элементами и соединительными пластинами, необходимыми для монтажа в комплекте с крепежными элементами и соединительными пластинами, необходимыми для монтажа в комплекте с крепежными элементами и соединительными пластинами, необходимыми для монтажа, горячеоцинкованный;80;400;150;0.8;2
Ответвитель-переходник TDSR Т-обр. вертикальный 400/200 в комплекте с крепежными элементами и соединительными пластинами, необходимыми для монтажа в комплекте с крепежными элементами и соединительными пластинами, необходимыми для монтажа в комплекте с крепежными элементами и соединительными пластинами, необходимыми для монтажа в комплекте с крепежными элементами и соединительными пластинами, необходимыми для монтажа в комплекте с крепежными элементами и соединительными пластинами, необходимыми для монтажа в комплекте с крепежными элементами и соединительными пластинами, необходимыми для монтажа в комплекте с крепежными элементами и соединительными пластинами, необходимыми для монтажа в комплекте с крепежными элементами и соединительными пластинами, необходимыми для монтажа в комплекте с крепежными элементами и соединительными пластинами, необходимыми для монтажа, горячеоцинкованный;80;400;200;0.8;2
Ответвитель-переходник TDSR Т-обр. вертикальный 500/200 в комплекте с крепежными элементами и соединительными пластинами, необходимыми для монтажа в комплекте с крепежными элементами и соединительными пластинами, необходимыми для монтажа в комплекте с крепежными элементами и соединительными пластинами, необходимыми для монтажа в комплекте с крепежными элементами и соединительными пластинами, необходимыми для монтажа в комплекте с крепежными элементами и соединительными пластинами, необходимыми для монтажа в комплекте с крепежными элементами и соединительными пластинами, необходимыми для монтажа в комплекте с крепежными элементами и соединительными пластинами, необходимыми для монтажа в комплекте с крепежными элементами и соединительными пластинами, необходимыми для монтажа в комплекте с крепежными элементами и соединительными пластинами, необходимыми для монтажа, горячеоцинкованный;80;500;200;0.8;2
Ответвитель-переходник TDSR Т-обр. вертикальный 500/300 в комплекте с крепежными элементами и соединительными пластинами, необходимыми для монтажа в комплекте с крепежными элементами и соединительными пластинами, необходимыми для монтажа в комплекте с крепежными элементами и соединительными пластинами, необходимыми для монтажа в комплекте с крепежными элементами и соединительными пластинами, необходимыми для монтажа в комплекте с крепежными элементами и соединительными пластинами, необходимыми для монтажа в комплекте с крепежными элементами и соединительными пластинами, необходимыми для монтажа в комплекте с крепежными элементами и соединительными пластинами, необходимыми для монтажа в комплекте с крепежными элементами и соединительными пластинами, необходимыми для монтажа в комплекте с крепежными элементами и соединительными пластинами, необходимыми для монтажа, горячеоцинкованный;80;500;300;0.8;2
Ответвитель-переходник TDSR Т-обр. вертикальный 500/400 в комплекте с крепежными элементами и соединительными пластинами, необходимыми для монтажа в комплекте с крепежными элементами и соединительными пластинами, необходимыми для монтажа в комплекте с крепежными элементами и соединительными пластинами, необходимыми для монтажа в комплекте с крепежными элементами и соединительными пластинами, необходимыми для монтажа в комплекте с крепежными элементами и соединительными пластинами, необходимыми для монтажа в комплекте с крепежными элементами и соединительными пластинами, необходимыми для монтажа в комплекте с крепежными элементами и соединительными пластинами, необходимыми для монтажа в комплекте с крепежными элементами и соединительными пластинами, необходимыми для монтажа в комплекте с крепежными элементами и соединительными пластинами, необходимыми для монтажа, горячеоцинкованный;80;500;400;0.8;2
Ответвитель-переходник TDSR Т-обр. вертикальный 100/80 в комплекте с крепежными элементами и соединительными пластинами, необходимыми для монтажа в комплекте с крепежными элементами и соединительными пластинами, необходимыми для монтажа в комплекте с крепежными элементами и соединительными пластинами, необходимыми для монтажа в комплекте с крепежными элементами и соединительными пластинами, необходимыми для монтажа в комплекте с крепежными элементами и соединительными пластинами, необходимыми для монтажа в комплекте с крепежными элементами и соединительными пластинами, необходимыми для монтажа в комплекте с крепежными элементами и соединительными пластинами, необходимыми для монтажа в комплекте с крепежными элементами и соединительными пластинами, необходимыми для монтажа в комплекте с крепежными элементами и соединительными пластинами, необходимыми для монтажа, нержавеющий;80;100;80;0.8;3
Ответвитель-переходник TDSR Т-обр. вертикальный 150/80 в комплекте с крепежными элементами и соединительными пластинами, необходимыми для монтажа в комплекте с крепежными элементами и соединительными пластинами, необходимыми для монтажа в комплекте с крепежными элементами и соединительными пластинами, необходимыми для монтажа в комплекте с крепежными элементами и соединительными пластинами, необходимыми для монтажа в комплекте с крепежными элементами и соединительными пластинами, необходимыми для монтажа в комплекте с крепежными элементами и соединительными пластинами, необходимыми для монтажа в комплекте с крепежными элементами и соединительными пластинами, необходимыми для монтажа в комплекте с крепежными элементами и соединительными пластинами, необходимыми для монтажа в комплекте с крепежными элементами и соединительными пластинами, необходимыми для монтажа, нержавеющий;80;150;80;0.8;3
Ответвитель-переходник TDSR Т-обр. вертикальный 150/100 в комплекте с крепежными элементами и соединительными пластинами, необходимыми для монтажа в комплекте с крепежными элементами и соединительными пластинами, необходимыми для монтажа в комплекте с крепежными элементами и соединительными пластинами, необходимыми для монтажа в комплекте с крепежными элементами и соединительными пластинами, необходимыми для монтажа в комплекте с крепежными элементами и соединительными пластинами, необходимыми для монтажа в комплекте с крепежными элементами и соединительными пластинами, необходимыми для монтажа в комплекте с крепежными элементами и соединительными пластинами, необходимыми для монтажа в комплекте с крепежными элементами и соединительными пластинами, необходимыми для монтажа в комплекте с крепежными элементами и соединительными пластинами, необходимыми для монтажа, нержавеющий;80;150;100;0.8;3
Ответвитель-переходник TDSR Т-обр. вертикальный 200/80 в комплекте с крепежными элементами и соединительными пластинами, необходимыми для монтажа в комплекте с крепежными элементами и соединительными пластинами, необходимыми для монтажа в комплекте с крепежными элементами и соединительными пластинами, необходимыми для монтажа в комплекте с крепежными элементами и соединительными пластинами, необходимыми для монтажа в комплекте с крепежными элементами и соединительными пластинами, необходимыми для монтажа в комплекте с крепежными элементами и соединительными пластинами, необходимыми для монтажа в комплекте с крепежными элементами и соединительными пластинами, необходимыми для монтажа в комплекте с крепежными элементами и соединительными пластинами, необходимыми для монтажа в комплекте с крепежными элементами и соединительными пластинами, необходимыми для монтажа, нержавеющий;80;200;80;0.8;3
Ответвитель-переходник TDSR Т-обр. вертикальный 200/100 в комплекте с крепежными элементами и соединительными пластинами, необходимыми для монтажа в комплекте с крепежными элементами и соединительными пластинами, необходимыми для монтажа в комплекте с крепежными элементами и соединительными пластинами, необходимыми для монтажа в комплекте с крепежными элементами и соединительными пластинами, необходимыми для монтажа в комплекте с крепежными элементами и соединительными пластинами, необходимыми для монтажа в комплекте с крепежными элементами и соединительными пластинами, необходимыми для монтажа в комплекте с крепежными элементами и соединительными пластинами, необходимыми для монтажа в комплекте с крепежными элементами и соединительными пластинами, необходимыми для монтажа в комплекте с крепежными элементами и соединительными пластинами, необходимыми для монтажа, нержавеющий;80;200;100;0.8;3
Ответвитель-переходник TDSR Т-обр. вертикальный 200/150 в комплекте с крепежными элементами и соединительными пластинами, необходимыми для монтажа в комплекте с крепежными элементами и соединительными пластинами, необходимыми для монтажа в комплекте с крепежными элементами и соединительными пластинами, необходимыми для монтажа в комплекте с крепежными элементами и соединительными пластинами, необходимыми для монтажа в комплекте с крепежными элементами и соединительными пластинами, необходимыми для монтажа в комплекте с крепежными элементами и соединительными пластинами, необходимыми для монтажа в комплекте с крепежными элементами и соединительными пластинами, необходимыми для монтажа в комплекте с крепежными элементами и соединительными пластинами, необходимыми для монтажа в комплекте с крепежными элементами и соединительными пластинами, необходимыми для монтажа, нержавеющий;80;200;150;0.8;3
Ответвитель-переходник TDSR Т-обр. вертикальный 300/80 в комплекте с крепежными элементами и соединительными пластинами, необходимыми для монтажа в комплекте с крепежными элементами и соединительными пластинами, необходимыми для монтажа в комплекте с крепежными элементами и соединительными пластинами, необходимыми для монтажа в комплекте с крепежными элементами и соединительными пластинами, необходимыми для монтажа в комплекте с крепежными элементами и соединительными пластинами, необходимыми для монтажа в комплекте с крепежными элементами и соединительными пластинами, необходимыми для монтажа в комплекте с крепежными элементами и соединительными пластинами, необходимыми для монтажа в комплекте с крепежными элементами и соединительными пластинами, необходимыми для монтажа в комплекте с крепежными элементами и соединительными пластинами, необходимыми для монтажа, нержавеющий;80;300;80;0.8;3
Ответвитель-переходник TDSR Т-обр. вертикальный 300/100 в комплекте с крепежными элементами и соединительными пластинами, необходимыми для монтажа в комплекте с крепежными элементами и соединительными пластинами, необходимыми для монтажа в комплекте с крепежными элементами и соединительными пластинами, необходимыми для монтажа в комплекте с крепежными элементами и соединительными пластинами, необходимыми для монтажа в комплекте с крепежными элементами и соединительными пластинами, необходимыми для монтажа в комплекте с крепежными элементами и соединительными пластинами, необходимыми для монтажа в комплекте с крепежными элементами и соединительными пластинами, необходимыми для монтажа в комплекте с крепежными элементами и соединительными пластинами, необходимыми для монтажа в комплекте с крепежными элементами и соединительными пластинами, необходимыми для монтажа, нержавеющий;80;300;100;0.8;3
Ответвитель-переходник TDSR Т-обр. вертикальный 300/150 в комплекте с крепежными элементами и соединительными пластинами, необходимыми для монтажа в комплекте с крепежными элементами и соединительными пластинами, необходимыми для монтажа в комплекте с крепежными элементами и соединительными пластинами, необходимыми для монтажа в комплекте с крепежными элементами и соединительными пластинами, необходимыми для монтажа в комплекте с крепежными элементами и соединительными пластинами, необходимыми для монтажа в комплекте с крепежными элементами и соединительными пластинами, необходимыми для монтажа в комплекте с крепежными элементами и соединительными пластинами, необходимыми для монтажа в комплекте с крепежными элементами и соединительными пластинами, необходимыми для монтажа в комплекте с крепежными элементами и соединительными пластинами, необходимыми для монтажа, нержавеющий;80;300;150;0.8;3
Ответвитель-переходник TDSR Т-обр. вертикальный 300/200 в комплекте с крепежными элементами и соединительными пластинами, необходимыми для монтажа в комплекте с крепежными элементами и соединительными пластинами, необходимыми для монтажа в комплекте с крепежными элементами и соединительными пластинами, необходимыми для монтажа в комплекте с крепежными элементами и соединительными пластинами, необходимыми для монтажа в комплекте с крепежными элементами и соединительными пластинами, необходимыми для монтажа в комплекте с крепежными элементами и соединительными пластинами, необходимыми для монтажа в комплекте с крепежными элементами и соединительными пластинами, необходимыми для монтажа в комплекте с крепежными элементами и соединительными пластинами, необходимыми для монтажа в комплекте с крепежными элементами и соединительными пластинами, необходимыми для монтажа, нержавеющий;80;300;200;0.8;3
Ответвитель-переходник TDSR Т-обр. вертикальный 400/150 в комплекте с крепежными элементами и соединительными пластинами, необходимыми для монтажа в комплекте с крепежными элементами и соединительными пластинами, необходимыми для монтажа в комплекте с крепежными элементами и соединительными пластинами, необходимыми для монтажа в комплекте с крепежными элементами и соединительными пластинами, необходимыми для монтажа в комплекте с крепежными элементами и соединительными пластинами, необходимыми для монтажа в комплекте с крепежными элементами и соединительными пластинами, необходимыми для монтажа в комплекте с крепежными элементами и соединительными пластинами, необходимыми для монтажа в комплекте с крепежными элементами и соединительными пластинами, необходимыми для монтажа в комплекте с крепежными элементами и соединительными пластинами, необходимыми для монтажа, нержавеющий;80;400;150;0.8;3
Ответвитель-переходник TDSR Т-обр. вертикальный 400/200 в комплекте с крепежными элементами и соединительными пластинами, необходимыми для монтажа в комплекте с крепежными элементами и соединительными пластинами, необходимыми для монтажа в комплекте с крепежными элементами и соединительными пластинами, необходимыми для монтажа в комплекте с крепежными элементами и соединительными пластинами, необходимыми для монтажа в комплекте с крепежными элементами и соединительными пластинами, необходимыми для монтажа в комплекте с крепежными элементами и соединительными пластинами, необходимыми для монтажа в комплекте с крепежными элементами и соединительными пластинами, необходимыми для монтажа в комплекте с крепежными элементами и соединительными пластинами, необходимыми для монтажа в комплекте с крепежными элементами и соединительными пластинами, необходимыми для монтажа, нержавеющий;80;400;200;0.8;3
Ответвитель-переходник TDSR Т-обр. вертикальный 500/200 в комплекте с крепежными элементами и соединительными пластинами, необходимыми для монтажа в комплекте с крепежными элементами и соединительными пластинами, необходимыми для монтажа в комплекте с крепежными элементами и соединительными пластинами, необходимыми для монтажа в комплекте с крепежными элементами и соединительными пластинами, необходимыми для монтажа в комплекте с крепежными элементами и соединительными пластинами, необходимыми для монтажа в комплекте с крепежными элементами и соединительными пластинами, необходимыми для монтажа в комплекте с крепежными элементами и соединительными пластинами, необходимыми для монтажа в комплекте с крепежными элементами и соединительными пластинами, необходимыми для монтажа в комплекте с крепежными элементами и соединительными пластинами, необходимыми для монтажа, нержавеющий;80;500;200;0.8;3
Ответвитель-переходник TDSR Т-обр. вертикальный 500/300 в комплекте с крепежными элементами и соединительными пластинами, необходимыми для монтажа в комплекте с крепежными элементами и соединительными пластинами, необходимыми для монтажа в комплекте с крепежными элементами и соединительными пластинами, необходимыми для монтажа в комплекте с крепежными элементами и соединительными пластинами, необходимыми для монтажа в комплекте с крепежными элементами и соединительными пластинами, необходимыми для монтажа в комплекте с крепежными элементами и соединительными пластинами, необходимыми для монтажа в комплекте с крепежными элементами и соединительными пластинами, необходимыми для монтажа в комплекте с крепежными элементами и соединительными пластинами, необходимыми для монтажа в комплекте с крепежными элементами и соединительными пластинами, необходимыми для монтажа, нержавеющий;80;500;300;0.8;3
Ответвитель-переходник TDSR Т-обр. вертикальный 500/400 в комплекте с крепежными элементами и соединительными пластинами, необходимыми для монтажа в комплекте с крепежными элементами и соединительными пластинами, необходимыми для монтажа в комплекте с крепежными элементами и соединительными пластинами, необходимыми для монтажа в комплекте с крепежными элементами и соединительными пластинами, необходимыми для монтажа в комплекте с крепежными элементами и соединительными пластинами, необходимыми для монтажа в комплекте с крепежными элементами и соединительными пластинами, необходимыми для монтажа в комплекте с крепежными элементами и соединительными пластинами, необходимыми для монтажа в комплекте с крепежными элементами и соединительными пластинами, необходимыми для монтажа в комплекте с крепежными элементами и соединительными пластинами, необходимыми для монтажа, нержавеющий;80;500;400;0.8;3
Ответвитель-переходник TDSR Т-обр. вертикальный 100/80 в комплекте с крепежными элементами и соединительными пластинами, необходимыми для монтажа в комплекте с крепежными элементами и соединительными пластинами, необходимыми для монтажа в комплекте с крепежными элементами и соединительными пластинами, необходимыми для монтажа в комплекте с крепежными элементами и соединительными пластинами, необходимыми для монтажа в комплекте с крепежными элементами и соединительными пластинами, необходимыми для монтажа в комплекте с крепежными элементами и соединительными пластинами, необходимыми для монтажа в комплекте с крепежными элементами и соединительными пластинами, необходимыми для монтажа в комплекте с крепежными элементами и соединительными пластинами, необходимыми для монтажа в комплекте с крепежными элементами и соединительными пластинами, необходимыми для монтажа, цинк-ламельный;80;100;80;0.8;4
Ответвитель-переходник TDSR Т-обр. вертикальный 150/80 в комплекте с крепежными элементами и соединительными пластинами, необходимыми для монтажа в комплекте с крепежными элементами и соединительными пластинами, необходимыми для монтажа в комплекте с крепежными элементами и соединительными пластинами, необходимыми для монтажа в комплекте с крепежными элементами и соединительными пластинами, необходимыми для монтажа в комплекте с крепежными элементами и соединительными пластинами, необходимыми для монтажа в комплекте с крепежными элементами и соединительными пластинами, необходимыми для монтажа в комплекте с крепежными элементами и соединительными пластинами, необходимыми для монтажа в комплекте с крепежными элементами и соединительными пластинами, необходимыми для монтажа в комплекте с крепежными элементами и соединительными пластинами, необходимыми для монтажа, цинк-ламельный;80;150;80;0.8;4
Ответвитель-переходник TDSR Т-обр. вертикальный 150/100 в комплекте с крепежными элементами и соединительными пластинами, необходимыми для монтажа в комплекте с крепежными элементами и соединительными пластинами, необходимыми для монтажа в комплекте с крепежными элементами и соединительными пластинами, необходимыми для монтажа в комплекте с крепежными элементами и соединительными пластинами, необходимыми для монтажа в комплекте с крепежными элементами и соединительными пластинами, необходимыми для монтажа в комплекте с крепежными элементами и соединительными пластинами, необходимыми для монтажа в комплекте с крепежными элементами и соединительными пластинами, необходимыми для монтажа в комплекте с крепежными элементами и соединительными пластинами, необходимыми для монтажа в комплекте с крепежными элементами и соединительными пластинами, необходимыми для монтажа, цинк-ламельный;80;150;100;0.8;4
Ответвитель-переходник TDSR Т-обр. вертикальный 200/80 в комплекте с крепежными элементами и соединительными пластинами, необходимыми для монтажа в комплекте с крепежными элементами и соединительными пластинами, необходимыми для монтажа в комплекте с крепежными элементами и соединительными пластинами, необходимыми для монтажа в комплекте с крепежными элементами и соединительными пластинами, необходимыми для монтажа в комплекте с крепежными элементами и соединительными пластинами, необходимыми для монтажа в комплекте с крепежными элементами и соединительными пластинами, необходимыми для монтажа в комплекте с крепежными элементами и соединительными пластинами, необходимыми для монтажа в комплекте с крепежными элементами и соединительными пластинами, необходимыми для монтажа в комплекте с крепежными элементами и соединительными пластинами, необходимыми для монтажа, цинк-ламельный;80;200;80;0.8;4
Ответвитель-переходник TDSR Т-обр. вертикальный 200/100 в комплекте с крепежными элементами и соединительными пластинами, необходимыми для монтажа в комплекте с крепежными элементами и соединительными пластинами, необходимыми для монтажа в комплекте с крепежными элементами и соединительными пластинами, необходимыми для монтажа в комплекте с крепежными элементами и соединительными пластинами, необходимыми для монтажа в комплекте с крепежными элементами и соединительными пластинами, необходимыми для монтажа в комплекте с крепежными элементами и соединительными пластинами, необходимыми для монтажа в комплекте с крепежными элементами и соединительными пластинами, необходимыми для монтажа в комплекте с крепежными элементами и соединительными пластинами, необходимыми для монтажа в комплекте с крепежными элементами и соединительными пластинами, необходимыми для монтажа, цинк-ламельный;80;200;100;0.8;4
Ответвитель-переходник TDSR Т-обр. вертикальный 200/150 в комплекте с крепежными элементами и соединительными пластинами, необходимыми для монтажа в комплекте с крепежными элементами и соединительными пластинами, необходимыми для монтажа в комплекте с крепежными элементами и соединительными пластинами, необходимыми для монтажа в комплекте с крепежными элементами и соединительными пластинами, необходимыми для монтажа в комплекте с крепежными элементами и соединительными пластинами, необходимыми для монтажа в комплекте с крепежными элементами и соединительными пластинами, необходимыми для монтажа в комплекте с крепежными элементами и соединительными пластинами, необходимыми для монтажа в комплекте с крепежными элементами и соединительными пластинами, необходимыми для монтажа в комплекте с крепежными элементами и соединительными пластинами, необходимыми для монтажа, цинк-ламельный;80;200;150;0.8;4
Ответвитель-переходник TDSR Т-обр. вертикальный 300/80 в комплекте с крепежными элементами и соединительными пластинами, необходимыми для монтажа в комплекте с крепежными элементами и соединительными пластинами, необходимыми для монтажа в комплекте с крепежными элементами и соединительными пластинами, необходимыми для монтажа в комплекте с крепежными элементами и соединительными пластинами, необходимыми для монтажа в комплекте с крепежными элементами и соединительными пластинами, необходимыми для монтажа в комплекте с крепежными элементами и соединительными пластинами, необходимыми для монтажа в комплекте с крепежными элементами и соединительными пластинами, необходимыми для монтажа в комплекте с крепежными элементами и соединительными пластинами, необходимыми для монтажа в комплекте с крепежными элементами и соединительными пластинами, необходимыми для монтажа, цинк-ламельный;80;300;80;0.8;4
Ответвитель-переходник TDSR Т-обр. вертикальный 300/100 в комплекте с крепежными элементами и соединительными пластинами, необходимыми для монтажа в комплекте с крепежными элементами и соединительными пластинами, необходимыми для монтажа в комплекте с крепежными элементами и соединительными пластинами, необходимыми для монтажа в комплекте с крепежными элементами и соединительными пластинами, необходимыми для монтажа в комплекте с крепежными элементами и соединительными пластинами, необходимыми для монтажа в комплекте с крепежными элементами и соединительными пластинами, необходимыми для монтажа в комплекте с крепежными элементами и соединительными пластинами, необходимыми для монтажа в комплекте с крепежными элементами и соединительными пластинами, необходимыми для монтажа в комплекте с крепежными элементами и соединительными пластинами, необходимыми для монтажа, цинк-ламельный;80;300;100;0.8;4
Ответвитель-переходник TDSR Т-обр. вертикальный 300/150 в комплекте с крепежными элементами и соединительными пластинами, необходимыми для монтажа в комплекте с крепежными элементами и соединительными пластинами, необходимыми для монтажа в комплекте с крепежными элементами и соединительными пластинами, необходимыми для монтажа в комплекте с крепежными элементами и соединительными пластинами, необходимыми для монтажа в комплекте с крепежными элементами и соединительными пластинами, необходимыми для монтажа в комплекте с крепежными элементами и соединительными пластинами, необходимыми для монтажа в комплекте с крепежными элементами и соединительными пластинами, необходимыми для монтажа в комплекте с крепежными элементами и соединительными пластинами, необходимыми для монтажа в комплекте с крепежными элементами и соединительными пластинами, необходимыми для монтажа, цинк-ламельный;80;300;150;0.8;4
Ответвитель-переходник TDSR Т-обр. вертикальный 300/200 в комплекте с крепежными элементами и соединительными пластинами, необходимыми для монтажа в комплекте с крепежными элементами и соединительными пластинами, необходимыми для монтажа в комплекте с крепежными элементами и соединительными пластинами, необходимыми для монтажа в комплекте с крепежными элементами и соединительными пластинами, необходимыми для монтажа в комплекте с крепежными элементами и соединительными пластинами, необходимыми для монтажа в комплекте с крепежными элементами и соединительными пластинами, необходимыми для монтажа в комплекте с крепежными элементами и соединительными пластинами, необходимыми для монтажа в комплекте с крепежными элементами и соединительными пластинами, необходимыми для монтажа в комплекте с крепежными элементами и соединительными пластинами, необходимыми для монтажа, цинк-ламельный;80;300;200;0.8;4
Ответвитель-переходник TDSR Т-обр. вертикальный 400/150 в комплекте с крепежными элементами и соединительными пластинами, необходимыми для монтажа в комплекте с крепежными элементами и соединительными пластинами, необходимыми для монтажа в комплекте с крепежными элементами и соединительными пластинами, необходимыми для монтажа в комплекте с крепежными элементами и соединительными пластинами, необходимыми для монтажа в комплекте с крепежными элементами и соединительными пластинами, необходимыми для монтажа в комплекте с крепежными элементами и соединительными пластинами, необходимыми для монтажа в комплекте с крепежными элементами и соединительными пластинами, необходимыми для монтажа в комплекте с крепежными элементами и соединительными пластинами, необходимыми для монтажа в комплекте с крепежными элементами и соединительными пластинами, необходимыми для монтажа, цинк-ламельный;80;400;150;0.8;4
Ответвитель-переходник TDSR Т-обр. вертикальный 400/200 в комплекте с крепежными элементами и соединительными пластинами, необходимыми для монтажа в комплекте с крепежными элементами и соединительными пластинами, необходимыми для монтажа в комплекте с крепежными элементами и соединительными пластинами, необходимыми для монтажа в комплекте с крепежными элементами и соединительными пластинами, необходимыми для монтажа в комплекте с крепежными элементами и соединительными пластинами, необходимыми для монтажа в комплекте с крепежными элементами и соединительными пластинами, необходимыми для монтажа в комплекте с крепежными элементами и соединительными пластинами, необходимыми для монтажа в комплекте с крепежными элементами и соединительными пластинами, необходимыми для монтажа в комплекте с крепежными элементами и соединительными пластинами, необходимыми для монтажа, цинк-ламельный;80;400;200;0.8;4
Ответвитель-переходник TDSR Т-обр. вертикальный 500/200 в комплекте с крепежными элементами и соединительными пластинами, необходимыми для монтажа в комплекте с крепежными элементами и соединительными пластинами, необходимыми для монтажа в комплекте с крепежными элементами и соединительными пластинами, необходимыми для монтажа в комплекте с крепежными элементами и соединительными пластинами, необходимыми для монтажа в комплекте с крепежными элементами и соединительными пластинами, необходимыми для монтажа в комплекте с крепежными элементами и соединительными пластинами, необходимыми для монтажа в комплекте с крепежными элементами и соединительными пластинами, необходимыми для монтажа в комплекте с крепежными элементами и соединительными пластинами, необходимыми для монтажа в комплекте с крепежными элементами и соединительными пластинами, необходимыми для монтажа, цинк-ламельный;80;500;200;0.8;4
Ответвитель-переходник TDSR Т-обр. вертикальный 500/300 в комплекте с крепежными элементами и соединительными пластинами, необходимыми для монтажа в комплекте с крепежными элементами и соединительными пластинами, необходимыми для монтажа в комплекте с крепежными элементами и соединительными пластинами, необходимыми для монтажа в комплекте с крепежными элементами и соединительными пластинами, необходимыми для монтажа в комплекте с крепежными элементами и соединительными пластинами, необходимыми для монтажа в комплекте с крепежными элементами и соединительными пластинами, необходимыми для монтажа в комплекте с крепежными элементами и соединительными пластинами, необходимыми для монтажа в комплекте с крепежными элементами и соединительными пластинами, необходимыми для монтажа в комплекте с крепежными элементами и соединительными пластинами, необходимыми для монтажа, цинк-ламельный;80;500;300;0.8;4
Ответвитель-переходник TDSR Т-обр. вертикальный 500/400 в комплекте с крепежными элементами и соединительными пластинами, необходимыми для монтажа в комплекте с крепежными элементами и соединительными пластинами, необходимыми для монтажа в комплекте с крепежными элементами и соединительными пластинами, необходимыми для монтажа в комплекте с крепежными элементами и соединительными пластинами, необходимыми для монтажа в комплекте с крепежными элементами и соединительными пластинами, необходимыми для монтажа в комплекте с крепежными элементами и соединительными пластинами, необходимыми для монтажа в комплекте с крепежными элементами и соединительными пластинами, необходимыми для монтажа в комплекте с крепежными элементами и соединительными пластинами, необходимыми для монтажа в комплекте с крепежными элементами и соединительными пластинами, необходимыми для монтажа, цинк-ламельный;80;500;400;0.8;4
