;height##length##millimeters;widthB##length##millimeters;depth##length##millimeters;ispolnenie##number##feet
Крышка-ответвитель TSS (плоск) 100x50 в комплекте с крепежными элементами и соединительными пластинами, необходимыми для монтажа в комплекте с крепежными элементами и соединительными пластинами, необходимыми для монтажа в комплекте с крепежными элементами и соединительными пластинами, необходимыми для монтажа в комплекте с крепежными элементами и соединительными пластинами, необходимыми для монтажа в комплекте с крепежными элементами и соединительными пластинами, необходимыми для монтажа в комплекте с крепежными элементами и соединительными пластинами, необходимыми для монтажа в комплекте с крепежными элементами и соединительными пластинами, необходимыми для монтажа в комплекте с крепежными элементами и соединительными пластинами, необходимыми для монтажа в комплекте с крепежными элементами и соединительными пластинами, необходимыми для монтажа;50;100;1;1
Крышка-ответвитель TSS (плоск) 150x50 в комплекте с крепежными элементами и соединительными пластинами, необходимыми для монтажа в комплекте с крепежными элементами и соединительными пластинами, необходимыми для монтажа в комплекте с крепежными элементами и соединительными пластинами, необходимыми для монтажа в комплекте с крепежными элементами и соединительными пластинами, необходимыми для монтажа в комплекте с крепежными элементами и соединительными пластинами, необходимыми для монтажа в комплекте с крепежными элементами и соединительными пластинами, необходимыми для монтажа в комплекте с крепежными элементами и соединительными пластинами, необходимыми для монтажа в комплекте с крепежными элементами и соединительными пластинами, необходимыми для монтажа в комплекте с крепежными элементами и соединительными пластинами, необходимыми для монтажа;50;150;1;1
Крышка-ответвитель TSS (плоск) 200x50 в комплекте с крепежными элементами и соединительными пластинами, необходимыми для монтажа в комплекте с крепежными элементами и соединительными пластинами, необходимыми для монтажа в комплекте с крепежными элементами и соединительными пластинами, необходимыми для монтажа в комплекте с крепежными элементами и соединительными пластинами, необходимыми для монтажа в комплекте с крепежными элементами и соединительными пластинами, необходимыми для монтажа в комплекте с крепежными элементами и соединительными пластинами, необходимыми для монтажа в комплекте с крепежными элементами и соединительными пластинами, необходимыми для монтажа в комплекте с крепежными элементами и соединительными пластинами, необходимыми для монтажа в комплекте с крепежными элементами и соединительными пластинами, необходимыми для монтажа;50;200;1;1
Крышка-ответвитель TSS (плоск) 300x50 в комплекте с крепежными элементами и соединительными пластинами, необходимыми для монтажа в комплекте с крепежными элементами и соединительными пластинами, необходимыми для монтажа в комплекте с крепежными элементами и соединительными пластинами, необходимыми для монтажа в комплекте с крепежными элементами и соединительными пластинами, необходимыми для монтажа в комплекте с крепежными элементами и соединительными пластинами, необходимыми для монтажа в комплекте с крепежными элементами и соединительными пластинами, необходимыми для монтажа в комплекте с крепежными элементами и соединительными пластинами, необходимыми для монтажа в комплекте с крепежными элементами и соединительными пластинами, необходимыми для монтажа в комплекте с крепежными элементами и соединительными пластинами, необходимыми для монтажа;50;300;1;1
Крышка-ответвитель TSS (плоск) 400x50 в комплекте с крепежными элементами и соединительными пластинами, необходимыми для монтажа в комплекте с крепежными элементами и соединительными пластинами, необходимыми для монтажа в комплекте с крепежными элементами и соединительными пластинами, необходимыми для монтажа в комплекте с крепежными элементами и соединительными пластинами, необходимыми для монтажа в комплекте с крепежными элементами и соединительными пластинами, необходимыми для монтажа в комплекте с крепежными элементами и соединительными пластинами, необходимыми для монтажа в комплекте с крепежными элементами и соединительными пластинами, необходимыми для монтажа в комплекте с крепежными элементами и соединительными пластинами, необходимыми для монтажа в комплекте с крепежными элементами и соединительными пластинами, необходимыми для монтажа;50;400;1;1
Крышка-ответвитель TSS (плоск) 500x50 в комплекте с крепежными элементами и соединительными пластинами, необходимыми для монтажа в комплекте с крепежными элементами и соединительными пластинами, необходимыми для монтажа в комплекте с крепежными элементами и соединительными пластинами, необходимыми для монтажа в комплекте с крепежными элементами и соединительными пластинами, необходимыми для монтажа в комплекте с крепежными элементами и соединительными пластинами, необходимыми для монтажа в комплекте с крепежными элементами и соединительными пластинами, необходимыми для монтажа в комплекте с крепежными элементами и соединительными пластинами, необходимыми для монтажа в комплекте с крепежными элементами и соединительными пластинами, необходимыми для монтажа в комплекте с крепежными элементами и соединительными пластинами, необходимыми для монтажа;50;500;1;1
Крышка-ответвитель TSS (плоск) 600x50 в комплекте с крепежными элементами и соединительными пластинами, необходимыми для монтажа в комплекте с крепежными элементами и соединительными пластинами, необходимыми для монтажа в комплекте с крепежными элементами и соединительными пластинами, необходимыми для монтажа в комплекте с крепежными элементами и соединительными пластинами, необходимыми для монтажа в комплекте с крепежными элементами и соединительными пластинами, необходимыми для монтажа в комплекте с крепежными элементами и соединительными пластинами, необходимыми для монтажа в комплекте с крепежными элементами и соединительными пластинами, необходимыми для монтажа в комплекте с крепежными элементами и соединительными пластинами, необходимыми для монтажа в комплекте с крепежными элементами и соединительными пластинами, необходимыми для монтажа;50;600;1;1
Крышка-ответвитель TSS (плоск) 100x50 в комплекте с крепежными элементами и соединительными пластинами, необходимыми для монтажа в комплекте с крепежными элементами и соединительными пластинами, необходимыми для монтажа в комплекте с крепежными элементами и соединительными пластинами, необходимыми для монтажа в комплекте с крепежными элементами и соединительными пластинами, необходимыми для монтажа в комплекте с крепежными элементами и соединительными пластинами, необходимыми для монтажа в комплекте с крепежными элементами и соединительными пластинами, необходимыми для монтажа в комплекте с крепежными элементами и соединительными пластинами, необходимыми для монтажа в комплекте с крепежными элементами и соединительными пластинами, необходимыми для монтажа в комплекте с крепежными элементами и соединительными пластинами, необходимыми для монтажа, горячеоцинкованный;50;100;1;2
Крышка-ответвитель TSS (плоск) 150x50 в комплекте с крепежными элементами и соединительными пластинами, необходимыми для монтажа в комплекте с крепежными элементами и соединительными пластинами, необходимыми для монтажа в комплекте с крепежными элементами и соединительными пластинами, необходимыми для монтажа в комплекте с крепежными элементами и соединительными пластинами, необходимыми для монтажа в комплекте с крепежными элементами и соединительными пластинами, необходимыми для монтажа в комплекте с крепежными элементами и соединительными пластинами, необходимыми для монтажа в комплекте с крепежными элементами и соединительными пластинами, необходимыми для монтажа в комплекте с крепежными элементами и соединительными пластинами, необходимыми для монтажа в комплекте с крепежными элементами и соединительными пластинами, необходимыми для монтажа, горячеоцинкованный;50;150;1;2
Крышка-ответвитель TSS (плоск) 200x50 в комплекте с крепежными элементами и соединительными пластинами, необходимыми для монтажа в комплекте с крепежными элементами и соединительными пластинами, необходимыми для монтажа в комплекте с крепежными элементами и соединительными пластинами, необходимыми для монтажа в комплекте с крепежными элементами и соединительными пластинами, необходимыми для монтажа в комплекте с крепежными элементами и соединительными пластинами, необходимыми для монтажа в комплекте с крепежными элементами и соединительными пластинами, необходимыми для монтажа в комплекте с крепежными элементами и соединительными пластинами, необходимыми для монтажа в комплекте с крепежными элементами и соединительными пластинами, необходимыми для монтажа в комплекте с крепежными элементами и соединительными пластинами, необходимыми для монтажа, горячеоцинкованный;50;200;1;2
Крышка-ответвитель TSS (плоск) 300x50 в комплекте с крепежными элементами и соединительными пластинами, необходимыми для монтажа в комплекте с крепежными элементами и соединительными пластинами, необходимыми для монтажа в комплекте с крепежными элементами и соединительными пластинами, необходимыми для монтажа в комплекте с крепежными элементами и соединительными пластинами, необходимыми для монтажа в комплекте с крепежными элементами и соединительными пластинами, необходимыми для монтажа в комплекте с крепежными элементами и соединительными пластинами, необходимыми для монтажа в комплекте с крепежными элементами и соединительными пластинами, необходимыми для монтажа в комплекте с крепежными элементами и соединительными пластинами, необходимыми для монтажа в комплекте с крепежными элементами и соединительными пластинами, необходимыми для монтажа, горячеоцинкованный;50;300;1;2
Крышка-ответвитель TSS (плоск) 400x50 в комплекте с крепежными элементами и соединительными пластинами, необходимыми для монтажа в комплекте с крепежными элементами и соединительными пластинами, необходимыми для монтажа в комплекте с крепежными элементами и соединительными пластинами, необходимыми для монтажа в комплекте с крепежными элементами и соединительными пластинами, необходимыми для монтажа в комплекте с крепежными элементами и соединительными пластинами, необходимыми для монтажа в комплекте с крепежными элементами и соединительными пластинами, необходимыми для монтажа в комплекте с крепежными элементами и соединительными пластинами, необходимыми для монтажа в комплекте с крепежными элементами и соединительными пластинами, необходимыми для монтажа в комплекте с крепежными элементами и соединительными пластинами, необходимыми для монтажа, горячеоцинкованный;50;400;1;2
Крышка-ответвитель TSS (плоск) 500x50 в комплекте с крепежными элементами и соединительными пластинами, необходимыми для монтажа в комплекте с крепежными элементами и соединительными пластинами, необходимыми для монтажа в комплекте с крепежными элементами и соединительными пластинами, необходимыми для монтажа в комплекте с крепежными элементами и соединительными пластинами, необходимыми для монтажа в комплекте с крепежными элементами и соединительными пластинами, необходимыми для монтажа в комплекте с крепежными элементами и соединительными пластинами, необходимыми для монтажа в комплекте с крепежными элементами и соединительными пластинами, необходимыми для монтажа в комплекте с крепежными элементами и соединительными пластинами, необходимыми для монтажа в комплекте с крепежными элементами и соединительными пластинами, необходимыми для монтажа, горячеоцинкованный;50;500;1;2
Крышка-ответвитель TSS (плоск) 600x50 в комплекте с крепежными элементами и соединительными пластинами, необходимыми для монтажа в комплекте с крепежными элементами и соединительными пластинами, необходимыми для монтажа в комплекте с крепежными элементами и соединительными пластинами, необходимыми для монтажа в комплекте с крепежными элементами и соединительными пластинами, необходимыми для монтажа в комплекте с крепежными элементами и соединительными пластинами, необходимыми для монтажа в комплекте с крепежными элементами и соединительными пластинами, необходимыми для монтажа в комплекте с крепежными элементами и соединительными пластинами, необходимыми для монтажа в комплекте с крепежными элементами и соединительными пластинами, необходимыми для монтажа в комплекте с крепежными элементами и соединительными пластинами, необходимыми для монтажа, горячеоцинкованный;50;600;1;2
Крышка-ответвитель TSS (плоск) 100x50 в комплекте с крепежными элементами и соединительными пластинами, необходимыми для монтажа в комплекте с крепежными элементами и соединительными пластинами, необходимыми для монтажа в комплекте с крепежными элементами и соединительными пластинами, необходимыми для монтажа в комплекте с крепежными элементами и соединительными пластинами, необходимыми для монтажа в комплекте с крепежными элементами и соединительными пластинами, необходимыми для монтажа в комплекте с крепежными элементами и соединительными пластинами, необходимыми для монтажа в комплекте с крепежными элементами и соединительными пластинами, необходимыми для монтажа в комплекте с крепежными элементами и соединительными пластинами, необходимыми для монтажа в комплекте с крепежными элементами и соединительными пластинами, необходимыми для монтажа, нержавеющая;50;100;1;3
Крышка-ответвитель TSS (плоск) 150x50 в комплекте с крепежными элементами и соединительными пластинами, необходимыми для монтажа в комплекте с крепежными элементами и соединительными пластинами, необходимыми для монтажа в комплекте с крепежными элементами и соединительными пластинами, необходимыми для монтажа в комплекте с крепежными элементами и соединительными пластинами, необходимыми для монтажа в комплекте с крепежными элементами и соединительными пластинами, необходимыми для монтажа в комплекте с крепежными элементами и соединительными пластинами, необходимыми для монтажа в комплекте с крепежными элементами и соединительными пластинами, необходимыми для монтажа в комплекте с крепежными элементами и соединительными пластинами, необходимыми для монтажа в комплекте с крепежными элементами и соединительными пластинами, необходимыми для монтажа, нержавеющая;50;150;1;3
Крышка-ответвитель TSS (плоск) 200x50 в комплекте с крепежными элементами и соединительными пластинами, необходимыми для монтажа в комплекте с крепежными элементами и соединительными пластинами, необходимыми для монтажа в комплекте с крепежными элементами и соединительными пластинами, необходимыми для монтажа в комплекте с крепежными элементами и соединительными пластинами, необходимыми для монтажа в комплекте с крепежными элементами и соединительными пластинами, необходимыми для монтажа в комплекте с крепежными элементами и соединительными пластинами, необходимыми для монтажа в комплекте с крепежными элементами и соединительными пластинами, необходимыми для монтажа в комплекте с крепежными элементами и соединительными пластинами, необходимыми для монтажа в комплекте с крепежными элементами и соединительными пластинами, необходимыми для монтажа, нержавеющая;50;200;1;3
Крышка-ответвитель TSS (плоск) 300x50 в комплекте с крепежными элементами и соединительными пластинами, необходимыми для монтажа в комплекте с крепежными элементами и соединительными пластинами, необходимыми для монтажа в комплекте с крепежными элементами и соединительными пластинами, необходимыми для монтажа в комплекте с крепежными элементами и соединительными пластинами, необходимыми для монтажа в комплекте с крепежными элементами и соединительными пластинами, необходимыми для монтажа в комплекте с крепежными элементами и соединительными пластинами, необходимыми для монтажа в комплекте с крепежными элементами и соединительными пластинами, необходимыми для монтажа в комплекте с крепежными элементами и соединительными пластинами, необходимыми для монтажа в комплекте с крепежными элементами и соединительными пластинами, необходимыми для монтажа, нержавеющая;50;300;1;3
Крышка-ответвитель TSS (плоск) 400x50 в комплекте с крепежными элементами и соединительными пластинами, необходимыми для монтажа в комплекте с крепежными элементами и соединительными пластинами, необходимыми для монтажа в комплекте с крепежными элементами и соединительными пластинами, необходимыми для монтажа в комплекте с крепежными элементами и соединительными пластинами, необходимыми для монтажа в комплекте с крепежными элементами и соединительными пластинами, необходимыми для монтажа в комплекте с крепежными элементами и соединительными пластинами, необходимыми для монтажа в комплекте с крепежными элементами и соединительными пластинами, необходимыми для монтажа в комплекте с крепежными элементами и соединительными пластинами, необходимыми для монтажа в комплекте с крепежными элементами и соединительными пластинами, необходимыми для монтажа, нержавеющая;50;400;1;3
Крышка-ответвитель TSS (плоск) 500x50 в комплекте с крепежными элементами и соединительными пластинами, необходимыми для монтажа в комплекте с крепежными элементами и соединительными пластинами, необходимыми для монтажа в комплекте с крепежными элементами и соединительными пластинами, необходимыми для монтажа в комплекте с крепежными элементами и соединительными пластинами, необходимыми для монтажа в комплекте с крепежными элементами и соединительными пластинами, необходимыми для монтажа в комплекте с крепежными элементами и соединительными пластинами, необходимыми для монтажа в комплекте с крепежными элементами и соединительными пластинами, необходимыми для монтажа в комплекте с крепежными элементами и соединительными пластинами, необходимыми для монтажа в комплекте с крепежными элементами и соединительными пластинами, необходимыми для монтажа, нержавеющая;50;500;1;3
Крышка-ответвитель TSS (плоск) 600x50 в комплекте с крепежными элементами и соединительными пластинами, необходимыми для монтажа в комплекте с крепежными элементами и соединительными пластинами, необходимыми для монтажа в комплекте с крепежными элементами и соединительными пластинами, необходимыми для монтажа в комплекте с крепежными элементами и соединительными пластинами, необходимыми для монтажа в комплекте с крепежными элементами и соединительными пластинами, необходимыми для монтажа в комплекте с крепежными элементами и соединительными пластинами, необходимыми для монтажа в комплекте с крепежными элементами и соединительными пластинами, необходимыми для монтажа в комплекте с крепежными элементами и соединительными пластинами, необходимыми для монтажа в комплекте с крепежными элементами и соединительными пластинами, необходимыми для монтажа, нержавеющая;50;600;1;3
Крышка-ответвитель TSS (плоск) 100x50 в комплекте с крепежными элементами и соединительными пластинами, необходимыми для монтажа в комплекте с крепежными элементами и соединительными пластинами, необходимыми для монтажа в комплекте с крепежными элементами и соединительными пластинами, необходимыми для монтажа в комплекте с крепежными элементами и соединительными пластинами, необходимыми для монтажа в комплекте с крепежными элементами и соединительными пластинами, необходимыми для монтажа в комплекте с крепежными элементами и соединительными пластинами, необходимыми для монтажа в комплекте с крепежными элементами и соединительными пластинами, необходимыми для монтажа в комплекте с крепежными элементами и соединительными пластинами, необходимыми для монтажа в комплекте с крепежными элементами и соединительными пластинами, необходимыми для монтажа, цинк-ламельная;50;100;1;4
Крышка-ответвитель TSS (плоск) 150x50 в комплекте с крепежными элементами и соединительными пластинами, необходимыми для монтажа в комплекте с крепежными элементами и соединительными пластинами, необходимыми для монтажа в комплекте с крепежными элементами и соединительными пластинами, необходимыми для монтажа в комплекте с крепежными элементами и соединительными пластинами, необходимыми для монтажа в комплекте с крепежными элементами и соединительными пластинами, необходимыми для монтажа в комплекте с крепежными элементами и соединительными пластинами, необходимыми для монтажа в комплекте с крепежными элементами и соединительными пластинами, необходимыми для монтажа в комплекте с крепежными элементами и соединительными пластинами, необходимыми для монтажа в комплекте с крепежными элементами и соединительными пластинами, необходимыми для монтажа, цинк-ламельная;50;150;1;4
Крышка-ответвитель TSS (плоск) 200x50 в комплекте с крепежными элементами и соединительными пластинами, необходимыми для монтажа в комплекте с крепежными элементами и соединительными пластинами, необходимыми для монтажа в комплекте с крепежными элементами и соединительными пластинами, необходимыми для монтажа в комплекте с крепежными элементами и соединительными пластинами, необходимыми для монтажа в комплекте с крепежными элементами и соединительными пластинами, необходимыми для монтажа в комплекте с крепежными элементами и соединительными пластинами, необходимыми для монтажа в комплекте с крепежными элементами и соединительными пластинами, необходимыми для монтажа в комплекте с крепежными элементами и соединительными пластинами, необходимыми для монтажа в комплекте с крепежными элементами и соединительными пластинами, необходимыми для монтажа, цинк-ламельная;50;200;1;4
Крышка-ответвитель TSS (плоск) 300x50 в комплекте с крепежными элементами и соединительными пластинами, необходимыми для монтажа в комплекте с крепежными элементами и соединительными пластинами, необходимыми для монтажа в комплекте с крепежными элементами и соединительными пластинами, необходимыми для монтажа в комплекте с крепежными элементами и соединительными пластинами, необходимыми для монтажа в комплекте с крепежными элементами и соединительными пластинами, необходимыми для монтажа в комплекте с крепежными элементами и соединительными пластинами, необходимыми для монтажа в комплекте с крепежными элементами и соединительными пластинами, необходимыми для монтажа в комплекте с крепежными элементами и соединительными пластинами, необходимыми для монтажа в комплекте с крепежными элементами и соединительными пластинами, необходимыми для монтажа, цинк-ламельная;50;300;1;4
Крышка-ответвитель TSS (плоск) 400x50 в комплекте с крепежными элементами и соединительными пластинами, необходимыми для монтажа в комплекте с крепежными элементами и соединительными пластинами, необходимыми для монтажа в комплекте с крепежными элементами и соединительными пластинами, необходимыми для монтажа в комплекте с крепежными элементами и соединительными пластинами, необходимыми для монтажа в комплекте с крепежными элементами и соединительными пластинами, необходимыми для монтажа в комплекте с крепежными элементами и соединительными пластинами, необходимыми для монтажа в комплекте с крепежными элементами и соединительными пластинами, необходимыми для монтажа в комплекте с крепежными элементами и соединительными пластинами, необходимыми для монтажа в комплекте с крепежными элементами и соединительными пластинами, необходимыми для монтажа, цинк-ламельная;50;400;1;4
Крышка-ответвитель TSS (плоск) 500x50 в комплекте с крепежными элементами и соединительными пластинами, необходимыми для монтажа в комплекте с крепежными элементами и соединительными пластинами, необходимыми для монтажа в комплекте с крепежными элементами и соединительными пластинами, необходимыми для монтажа в комплекте с крепежными элементами и соединительными пластинами, необходимыми для монтажа в комплекте с крепежными элементами и соединительными пластинами, необходимыми для монтажа в комплекте с крепежными элементами и соединительными пластинами, необходимыми для монтажа в комплекте с крепежными элементами и соединительными пластинами, необходимыми для монтажа в комплекте с крепежными элементами и соединительными пластинами, необходимыми для монтажа в комплекте с крепежными элементами и соединительными пластинами, необходимыми для монтажа, цинк-ламельная;50;500;1;4
Крышка-ответвитель TSS (плоск) 600x50 в комплекте с крепежными элементами и соединительными пластинами, необходимыми для монтажа в комплекте с крепежными элементами и соединительными пластинами, необходимыми для монтажа в комплекте с крепежными элементами и соединительными пластинами, необходимыми для монтажа в комплекте с крепежными элементами и соединительными пластинами, необходимыми для монтажа в комплекте с крепежными элементами и соединительными пластинами, необходимыми для монтажа в комплекте с крепежными элементами и соединительными пластинами, необходимыми для монтажа в комплекте с крепежными элементами и соединительными пластинами, необходимыми для монтажа в комплекте с крепежными элементами и соединительными пластинами, необходимыми для монтажа в комплекте с крепежными элементами и соединительными пластинами, необходимыми для монтажа, цинк-ламельная;50;600;1;4
Крышка-ответвитель TSS (плоск) 100 в комплекте с крепежными элементами и соединительными пластинами, необходимыми для монтажа в комплекте с крепежными элементами и соединительными пластинами, необходимыми для монтажа в комплекте с крепежными элементами и соединительными пластинами, необходимыми для монтажа в комплекте с крепежными элементами и соединительными пластинами, необходимыми для монтажа в комплекте с крепежными элементами и соединительными пластинами, необходимыми для монтажа в комплекте с крепежными элементами и соединительными пластинами, необходимыми для монтажа в комплекте с крепежными элементами и соединительными пластинами, необходимыми для монтажа в комплекте с крепежными элементами и соединительными пластинами, необходимыми для монтажа в комплекте с крепежными элементами и соединительными пластинами, необходимыми для монтажа;80;100;1;1
Крышка-ответвитель TSS (плоск) 150 в комплекте с крепежными элементами и соединительными пластинами, необходимыми для монтажа в комплекте с крепежными элементами и соединительными пластинами, необходимыми для монтажа в комплекте с крепежными элементами и соединительными пластинами, необходимыми для монтажа в комплекте с крепежными элементами и соединительными пластинами, необходимыми для монтажа в комплекте с крепежными элементами и соединительными пластинами, необходимыми для монтажа в комплекте с крепежными элементами и соединительными пластинами, необходимыми для монтажа в комплекте с крепежными элементами и соединительными пластинами, необходимыми для монтажа в комплекте с крепежными элементами и соединительными пластинами, необходимыми для монтажа в комплекте с крепежными элементами и соединительными пластинами, необходимыми для монтажа;80;150;1;1
Крышка-ответвитель TSS (плоск) 200 в комплекте с крепежными элементами и соединительными пластинами, необходимыми для монтажа в комплекте с крепежными элементами и соединительными пластинами, необходимыми для монтажа в комплекте с крепежными элементами и соединительными пластинами, необходимыми для монтажа в комплекте с крепежными элементами и соединительными пластинами, необходимыми для монтажа в комплекте с крепежными элементами и соединительными пластинами, необходимыми для монтажа в комплекте с крепежными элементами и соединительными пластинами, необходимыми для монтажа в комплекте с крепежными элементами и соединительными пластинами, необходимыми для монтажа в комплекте с крепежными элементами и соединительными пластинами, необходимыми для монтажа в комплекте с крепежными элементами и соединительными пластинами, необходимыми для монтажа;80;200;1;1
Крышка-ответвитель TSS (плоск) 300 в комплекте с крепежными элементами и соединительными пластинами, необходимыми для монтажа в комплекте с крепежными элементами и соединительными пластинами, необходимыми для монтажа в комплекте с крепежными элементами и соединительными пластинами, необходимыми для монтажа в комплекте с крепежными элементами и соединительными пластинами, необходимыми для монтажа в комплекте с крепежными элементами и соединительными пластинами, необходимыми для монтажа в комплекте с крепежными элементами и соединительными пластинами, необходимыми для монтажа в комплекте с крепежными элементами и соединительными пластинами, необходимыми для монтажа в комплекте с крепежными элементами и соединительными пластинами, необходимыми для монтажа в комплекте с крепежными элементами и соединительными пластинами, необходимыми для монтажа;80;300;1;1
Крышка-ответвитель TSS (плоск) 400 в комплекте с крепежными элементами и соединительными пластинами, необходимыми для монтажа в комплекте с крепежными элементами и соединительными пластинами, необходимыми для монтажа в комплекте с крепежными элементами и соединительными пластинами, необходимыми для монтажа в комплекте с крепежными элементами и соединительными пластинами, необходимыми для монтажа в комплекте с крепежными элементами и соединительными пластинами, необходимыми для монтажа в комплекте с крепежными элементами и соединительными пластинами, необходимыми для монтажа в комплекте с крепежными элементами и соединительными пластинами, необходимыми для монтажа в комплекте с крепежными элементами и соединительными пластинами, необходимыми для монтажа в комплекте с крепежными элементами и соединительными пластинами, необходимыми для монтажа;80;400;1;1
Крышка-ответвитель TSS (плоск) 500 в комплекте с крепежными элементами и соединительными пластинами, необходимыми для монтажа в комплекте с крепежными элементами и соединительными пластинами, необходимыми для монтажа в комплекте с крепежными элементами и соединительными пластинами, необходимыми для монтажа в комплекте с крепежными элементами и соединительными пластинами, необходимыми для монтажа в комплекте с крепежными элементами и соединительными пластинами, необходимыми для монтажа в комплекте с крепежными элементами и соединительными пластинами, необходимыми для монтажа в комплекте с крепежными элементами и соединительными пластинами, необходимыми для монтажа в комплекте с крепежными элементами и соединительными пластинами, необходимыми для монтажа в комплекте с крепежными элементами и соединительными пластинами, необходимыми для монтажа;80;500;1;1
Крышка-ответвитель TSS (плоск) 600 в комплекте с крепежными элементами и соединительными пластинами, необходимыми для монтажа в комплекте с крепежными элементами и соединительными пластинами, необходимыми для монтажа в комплекте с крепежными элементами и соединительными пластинами, необходимыми для монтажа в комплекте с крепежными элементами и соединительными пластинами, необходимыми для монтажа в комплекте с крепежными элементами и соединительными пластинами, необходимыми для монтажа в комплекте с крепежными элементами и соединительными пластинами, необходимыми для монтажа в комплекте с крепежными элементами и соединительными пластинами, необходимыми для монтажа в комплекте с крепежными элементами и соединительными пластинами, необходимыми для монтажа в комплекте с крепежными элементами и соединительными пластинами, необходимыми для монтажа;80;600;1;1
Крышка-ответвитель TSS (плоск) 100x80 в комплекте с крепежными элементами и соединительными пластинами, необходимыми для монтажа в комплекте с крепежными элементами и соединительными пластинами, необходимыми для монтажа в комплекте с крепежными элементами и соединительными пластинами, необходимыми для монтажа в комплекте с крепежными элементами и соединительными пластинами, необходимыми для монтажа в комплекте с крепежными элементами и соединительными пластинами, необходимыми для монтажа в комплекте с крепежными элементами и соединительными пластинами, необходимыми для монтажа в комплекте с крепежными элементами и соединительными пластинами, необходимыми для монтажа в комплекте с крепежными элементами и соединительными пластинами, необходимыми для монтажа в комплекте с крепежными элементами и соединительными пластинами, необходимыми для монтажа, горячеоцинкованный;80;100;1;2
Крышка-ответвитель TSS (плоск) 150x80 в комплекте с крепежными элементами и соединительными пластинами, необходимыми для монтажа в комплекте с крепежными элементами и соединительными пластинами, необходимыми для монтажа в комплекте с крепежными элементами и соединительными пластинами, необходимыми для монтажа в комплекте с крепежными элементами и соединительными пластинами, необходимыми для монтажа в комплекте с крепежными элементами и соединительными пластинами, необходимыми для монтажа в комплекте с крепежными элементами и соединительными пластинами, необходимыми для монтажа в комплекте с крепежными элементами и соединительными пластинами, необходимыми для монтажа в комплекте с крепежными элементами и соединительными пластинами, необходимыми для монтажа в комплекте с крепежными элементами и соединительными пластинами, необходимыми для монтажа, горячеоцинкованный;80;150;1;2
Крышка-ответвитель TSS (плоск) 200x80 в комплекте с крепежными элементами и соединительными пластинами, необходимыми для монтажа в комплекте с крепежными элементами и соединительными пластинами, необходимыми для монтажа в комплекте с крепежными элементами и соединительными пластинами, необходимыми для монтажа в комплекте с крепежными элементами и соединительными пластинами, необходимыми для монтажа в комплекте с крепежными элементами и соединительными пластинами, необходимыми для монтажа в комплекте с крепежными элементами и соединительными пластинами, необходимыми для монтажа в комплекте с крепежными элементами и соединительными пластинами, необходимыми для монтажа в комплекте с крепежными элементами и соединительными пластинами, необходимыми для монтажа в комплекте с крепежными элементами и соединительными пластинами, необходимыми для монтажа, горячеоцинкованный;80;200;1;2
Крышка-ответвитель TSS (плоск) 300x80 в комплекте с крепежными элементами и соединительными пластинами, необходимыми для монтажа в комплекте с крепежными элементами и соединительными пластинами, необходимыми для монтажа в комплекте с крепежными элементами и соединительными пластинами, необходимыми для монтажа в комплекте с крепежными элементами и соединительными пластинами, необходимыми для монтажа в комплекте с крепежными элементами и соединительными пластинами, необходимыми для монтажа в комплекте с крепежными элементами и соединительными пластинами, необходимыми для монтажа в комплекте с крепежными элементами и соединительными пластинами, необходимыми для монтажа в комплекте с крепежными элементами и соединительными пластинами, необходимыми для монтажа в комплекте с крепежными элементами и соединительными пластинами, необходимыми для монтажа, горячеоцинкованный;80;300;1;2
Крышка-ответвитель TSS (плоск) 400x80 в комплекте с крепежными элементами и соединительными пластинами, необходимыми для монтажа в комплекте с крепежными элементами и соединительными пластинами, необходимыми для монтажа в комплекте с крепежными элементами и соединительными пластинами, необходимыми для монтажа в комплекте с крепежными элементами и соединительными пластинами, необходимыми для монтажа в комплекте с крепежными элементами и соединительными пластинами, необходимыми для монтажа в комплекте с крепежными элементами и соединительными пластинами, необходимыми для монтажа в комплекте с крепежными элементами и соединительными пластинами, необходимыми для монтажа в комплекте с крепежными элементами и соединительными пластинами, необходимыми для монтажа в комплекте с крепежными элементами и соединительными пластинами, необходимыми для монтажа, горячеоцинкованный;80;400;1;2
Крышка-ответвитель TSS (плоск) 500x80 в комплекте с крепежными элементами и соединительными пластинами, необходимыми для монтажа в комплекте с крепежными элементами и соединительными пластинами, необходимыми для монтажа в комплекте с крепежными элементами и соединительными пластинами, необходимыми для монтажа в комплекте с крепежными элементами и соединительными пластинами, необходимыми для монтажа в комплекте с крепежными элементами и соединительными пластинами, необходимыми для монтажа в комплекте с крепежными элементами и соединительными пластинами, необходимыми для монтажа в комплекте с крепежными элементами и соединительными пластинами, необходимыми для монтажа в комплекте с крепежными элементами и соединительными пластинами, необходимыми для монтажа в комплекте с крепежными элементами и соединительными пластинами, необходимыми для монтажа, горячеоцинкованный;80;500;1;2
Крышка-ответвитель TSS (плоск) 600x80 в комплекте с крепежными элементами и соединительными пластинами, необходимыми для монтажа в комплекте с крепежными элементами и соединительными пластинами, необходимыми для монтажа в комплекте с крепежными элементами и соединительными пластинами, необходимыми для монтажа в комплекте с крепежными элементами и соединительными пластинами, необходимыми для монтажа в комплекте с крепежными элементами и соединительными пластинами, необходимыми для монтажа в комплекте с крепежными элементами и соединительными пластинами, необходимыми для монтажа в комплекте с крепежными элементами и соединительными пластинами, необходимыми для монтажа в комплекте с крепежными элементами и соединительными пластинами, необходимыми для монтажа в комплекте с крепежными элементами и соединительными пластинами, необходимыми для монтажа, горячеоцинкованный;80;600;1;2
Крышка-ответвитель TSS (плоск) 100x80 в комплекте с крепежными элементами и соединительными пластинами, необходимыми для монтажа в комплекте с крепежными элементами и соединительными пластинами, необходимыми для монтажа в комплекте с крепежными элементами и соединительными пластинами, необходимыми для монтажа в комплекте с крепежными элементами и соединительными пластинами, необходимыми для монтажа в комплекте с крепежными элементами и соединительными пластинами, необходимыми для монтажа в комплекте с крепежными элементами и соединительными пластинами, необходимыми для монтажа в комплекте с крепежными элементами и соединительными пластинами, необходимыми для монтажа в комплекте с крепежными элементами и соединительными пластинами, необходимыми для монтажа в комплекте с крепежными элементами и соединительными пластинами, необходимыми для монтажа, нержавеющая;80;100;1;3
Крышка-ответвитель TSS (плоск) 150x80 в комплекте с крепежными элементами и соединительными пластинами, необходимыми для монтажа в комплекте с крепежными элементами и соединительными пластинами, необходимыми для монтажа в комплекте с крепежными элементами и соединительными пластинами, необходимыми для монтажа в комплекте с крепежными элементами и соединительными пластинами, необходимыми для монтажа в комплекте с крепежными элементами и соединительными пластинами, необходимыми для монтажа в комплекте с крепежными элементами и соединительными пластинами, необходимыми для монтажа в комплекте с крепежными элементами и соединительными пластинами, необходимыми для монтажа в комплекте с крепежными элементами и соединительными пластинами, необходимыми для монтажа в комплекте с крепежными элементами и соединительными пластинами, необходимыми для монтажа, нержавеющая;80;150;1;3
Крышка-ответвитель TSS (плоск) 200x80 в комплекте с крепежными элементами и соединительными пластинами, необходимыми для монтажа в комплекте с крепежными элементами и соединительными пластинами, необходимыми для монтажа в комплекте с крепежными элементами и соединительными пластинами, необходимыми для монтажа в комплекте с крепежными элементами и соединительными пластинами, необходимыми для монтажа в комплекте с крепежными элементами и соединительными пластинами, необходимыми для монтажа в комплекте с крепежными элементами и соединительными пластинами, необходимыми для монтажа в комплекте с крепежными элементами и соединительными пластинами, необходимыми для монтажа в комплекте с крепежными элементами и соединительными пластинами, необходимыми для монтажа в комплекте с крепежными элементами и соединительными пластинами, необходимыми для монтажа, нержавеющая;80;200;1;3
Крышка-ответвитель TSS (плоск) 300x80 в комплекте с крепежными элементами и соединительными пластинами, необходимыми для монтажа в комплекте с крепежными элементами и соединительными пластинами, необходимыми для монтажа в комплекте с крепежными элементами и соединительными пластинами, необходимыми для монтажа в комплекте с крепежными элементами и соединительными пластинами, необходимыми для монтажа в комплекте с крепежными элементами и соединительными пластинами, необходимыми для монтажа в комплекте с крепежными элементами и соединительными пластинами, необходимыми для монтажа в комплекте с крепежными элементами и соединительными пластинами, необходимыми для монтажа в комплекте с крепежными элементами и соединительными пластинами, необходимыми для монтажа в комплекте с крепежными элементами и соединительными пластинами, необходимыми для монтажа, нержавеющая;80;300;1;3
Крышка-ответвитель TSS (плоск) 400x80 в комплекте с крепежными элементами и соединительными пластинами, необходимыми для монтажа в комплекте с крепежными элементами и соединительными пластинами, необходимыми для монтажа в комплекте с крепежными элементами и соединительными пластинами, необходимыми для монтажа в комплекте с крепежными элементами и соединительными пластинами, необходимыми для монтажа в комплекте с крепежными элементами и соединительными пластинами, необходимыми для монтажа в комплекте с крепежными элементами и соединительными пластинами, необходимыми для монтажа в комплекте с крепежными элементами и соединительными пластинами, необходимыми для монтажа в комплекте с крепежными элементами и соединительными пластинами, необходимыми для монтажа в комплекте с крепежными элементами и соединительными пластинами, необходимыми для монтажа, нержавеющая;80;400;1;3
Крышка-ответвитель TSS (плоск) 500x80 в комплекте с крепежными элементами и соединительными пластинами, необходимыми для монтажа в комплекте с крепежными элементами и соединительными пластинами, необходимыми для монтажа в комплекте с крепежными элементами и соединительными пластинами, необходимыми для монтажа в комплекте с крепежными элементами и соединительными пластинами, необходимыми для монтажа в комплекте с крепежными элементами и соединительными пластинами, необходимыми для монтажа в комплекте с крепежными элементами и соединительными пластинами, необходимыми для монтажа в комплекте с крепежными элементами и соединительными пластинами, необходимыми для монтажа в комплекте с крепежными элементами и соединительными пластинами, необходимыми для монтажа в комплекте с крепежными элементами и соединительными пластинами, необходимыми для монтажа, нержавеющая;80;500;1;3
Крышка-ответвитель TSS (плоск) 600x80 в комплекте с крепежными элементами и соединительными пластинами, необходимыми для монтажа в комплекте с крепежными элементами и соединительными пластинами, необходимыми для монтажа в комплекте с крепежными элементами и соединительными пластинами, необходимыми для монтажа в комплекте с крепежными элементами и соединительными пластинами, необходимыми для монтажа в комплекте с крепежными элементами и соединительными пластинами, необходимыми для монтажа в комплекте с крепежными элементами и соединительными пластинами, необходимыми для монтажа в комплекте с крепежными элементами и соединительными пластинами, необходимыми для монтажа в комплекте с крепежными элементами и соединительными пластинами, необходимыми для монтажа в комплекте с крепежными элементами и соединительными пластинами, необходимыми для монтажа, нержавеющая;80;600;1;3
Крышка-ответвитель TSS (плоск) 100x80 в комплекте с крепежными элементами и соединительными пластинами, необходимыми для монтажа в комплекте с крепежными элементами и соединительными пластинами, необходимыми для монтажа в комплекте с крепежными элементами и соединительными пластинами, необходимыми для монтажа в комплекте с крепежными элементами и соединительными пластинами, необходимыми для монтажа в комплекте с крепежными элементами и соединительными пластинами, необходимыми для монтажа в комплекте с крепежными элементами и соединительными пластинами, необходимыми для монтажа в комплекте с крепежными элементами и соединительными пластинами, необходимыми для монтажа в комплекте с крепежными элементами и соединительными пластинами, необходимыми для монтажа в комплекте с крепежными элементами и соединительными пластинами, необходимыми для монтажа, цинк-ламельная;80;100;1;4
Крышка-ответвитель TSS (плоск) 150x80 в комплекте с крепежными элементами и соединительными пластинами, необходимыми для монтажа в комплекте с крепежными элементами и соединительными пластинами, необходимыми для монтажа в комплекте с крепежными элементами и соединительными пластинами, необходимыми для монтажа в комплекте с крепежными элементами и соединительными пластинами, необходимыми для монтажа в комплекте с крепежными элементами и соединительными пластинами, необходимыми для монтажа в комплекте с крепежными элементами и соединительными пластинами, необходимыми для монтажа в комплекте с крепежными элементами и соединительными пластинами, необходимыми для монтажа в комплекте с крепежными элементами и соединительными пластинами, необходимыми для монтажа в комплекте с крепежными элементами и соединительными пластинами, необходимыми для монтажа, цинк-ламельная;80;150;1;4
Крышка-ответвитель TSS (плоск) 200x80 в комплекте с крепежными элементами и соединительными пластинами, необходимыми для монтажа в комплекте с крепежными элементами и соединительными пластинами, необходимыми для монтажа в комплекте с крепежными элементами и соединительными пластинами, необходимыми для монтажа в комплекте с крепежными элементами и соединительными пластинами, необходимыми для монтажа в комплекте с крепежными элементами и соединительными пластинами, необходимыми для монтажа в комплекте с крепежными элементами и соединительными пластинами, необходимыми для монтажа в комплекте с крепежными элементами и соединительными пластинами, необходимыми для монтажа в комплекте с крепежными элементами и соединительными пластинами, необходимыми для монтажа в комплекте с крепежными элементами и соединительными пластинами, необходимыми для монтажа, цинк-ламельная;80;200;1;4
Крышка-ответвитель TSS (плоск) 300x80 в комплекте с крепежными элементами и соединительными пластинами, необходимыми для монтажа в комплекте с крепежными элементами и соединительными пластинами, необходимыми для монтажа в комплекте с крепежными элементами и соединительными пластинами, необходимыми для монтажа в комплекте с крепежными элементами и соединительными пластинами, необходимыми для монтажа в комплекте с крепежными элементами и соединительными пластинами, необходимыми для монтажа в комплекте с крепежными элементами и соединительными пластинами, необходимыми для монтажа в комплекте с крепежными элементами и соединительными пластинами, необходимыми для монтажа в комплекте с крепежными элементами и соединительными пластинами, необходимыми для монтажа в комплекте с крепежными элементами и соединительными пластинами, необходимыми для монтажа, цинк-ламельная;80;300;1;4
Крышка-ответвитель TSS (плоск) 400x80 в комплекте с крепежными элементами и соединительными пластинами, необходимыми для монтажа в комплекте с крепежными элементами и соединительными пластинами, необходимыми для монтажа в комплекте с крепежными элементами и соединительными пластинами, необходимыми для монтажа в комплекте с крепежными элементами и соединительными пластинами, необходимыми для монтажа в комплекте с крепежными элементами и соединительными пластинами, необходимыми для монтажа в комплекте с крепежными элементами и соединительными пластинами, необходимыми для монтажа в комплекте с крепежными элементами и соединительными пластинами, необходимыми для монтажа в комплекте с крепежными элементами и соединительными пластинами, необходимыми для монтажа в комплекте с крепежными элементами и соединительными пластинами, необходимыми для монтажа, цинк-ламельная;80;400;1;4
Крышка-ответвитель TSS (плоск) 500x80 в комплекте с крепежными элементами и соединительными пластинами, необходимыми для монтажа в комплекте с крепежными элементами и соединительными пластинами, необходимыми для монтажа в комплекте с крепежными элементами и соединительными пластинами, необходимыми для монтажа в комплекте с крепежными элементами и соединительными пластинами, необходимыми для монтажа в комплекте с крепежными элементами и соединительными пластинами, необходимыми для монтажа в комплекте с крепежными элементами и соединительными пластинами, необходимыми для монтажа в комплекте с крепежными элементами и соединительными пластинами, необходимыми для монтажа в комплекте с крепежными элементами и соединительными пластинами, необходимыми для монтажа в комплекте с крепежными элементами и соединительными пластинами, необходимыми для монтажа, цинк-ламельная;80;500;1;4
Крышка-ответвитель TSS (плоск) 600x80 в комплекте с крепежными элементами и соединительными пластинами, необходимыми для монтажа в комплекте с крепежными элементами и соединительными пластинами, необходимыми для монтажа в комплекте с крепежными элементами и соединительными пластинами, необходимыми для монтажа в комплекте с крепежными элементами и соединительными пластинами, необходимыми для монтажа в комплекте с крепежными элементами и соединительными пластинами, необходимыми для монтажа в комплекте с крепежными элементами и соединительными пластинами, необходимыми для монтажа в комплекте с крепежными элементами и соединительными пластинами, необходимыми для монтажа в комплекте с крепежными элементами и соединительными пластинами, необходимыми для монтажа в комплекте с крепежными элементами и соединительными пластинами, необходимыми для монтажа, цинк-ламельная;80;600;1;4
Крышка-ответвитель TSS (плоск) 100x100 в комплекте с крепежными элементами и соединительными пластинами, необходимыми для монтажа в комплекте с крепежными элементами и соединительными пластинами, необходимыми для монтажа в комплекте с крепежными элементами и соединительными пластинами, необходимыми для монтажа в комплекте с крепежными элементами и соединительными пластинами, необходимыми для монтажа в комплекте с крепежными элементами и соединительными пластинами, необходимыми для монтажа в комплекте с крепежными элементами и соединительными пластинами, необходимыми для монтажа в комплекте с крепежными элементами и соединительными пластинами, необходимыми для монтажа в комплекте с крепежными элементами и соединительными пластинами, необходимыми для монтажа в комплекте с крепежными элементами и соединительными пластинами, необходимыми для монтажа;100;100;1;1
Крышка-ответвитель TSS (плоск)  150x100 в комплекте с крепежными элементами и соединительными пластинами, необходимыми для монтажа в комплекте с крепежными элементами и соединительными пластинами, необходимыми для монтажа в комплекте с крепежными элементами и соединительными пластинами, необходимыми для монтажа в комплекте с крепежными элементами и соединительными пластинами, необходимыми для монтажа в комплекте с крепежными элементами и соединительными пластинами, необходимыми для монтажа в комплекте с крепежными элементами и соединительными пластинами, необходимыми для монтажа в комплекте с крепежными элементами и соединительными пластинами, необходимыми для монтажа в комплекте с крепежными элементами и соединительными пластинами, необходимыми для монтажа в комплекте с крепежными элементами и соединительными пластинами, необходимыми для монтажа;100;150;1;1
Крышка-ответвитель TSS (плоск)  200x100 в комплекте с крепежными элементами и соединительными пластинами, необходимыми для монтажа в комплекте с крепежными элементами и соединительными пластинами, необходимыми для монтажа в комплекте с крепежными элементами и соединительными пластинами, необходимыми для монтажа в комплекте с крепежными элементами и соединительными пластинами, необходимыми для монтажа в комплекте с крепежными элементами и соединительными пластинами, необходимыми для монтажа в комплекте с крепежными элементами и соединительными пластинами, необходимыми для монтажа в комплекте с крепежными элементами и соединительными пластинами, необходимыми для монтажа в комплекте с крепежными элементами и соединительными пластинами, необходимыми для монтажа в комплекте с крепежными элементами и соединительными пластинами, необходимыми для монтажа;100;200;1;1
Крышка-ответвитель TSS (плоск)  300x100 в комплекте с крепежными элементами и соединительными пластинами, необходимыми для монтажа в комплекте с крепежными элементами и соединительными пластинами, необходимыми для монтажа в комплекте с крепежными элементами и соединительными пластинами, необходимыми для монтажа в комплекте с крепежными элементами и соединительными пластинами, необходимыми для монтажа в комплекте с крепежными элементами и соединительными пластинами, необходимыми для монтажа в комплекте с крепежными элементами и соединительными пластинами, необходимыми для монтажа в комплекте с крепежными элементами и соединительными пластинами, необходимыми для монтажа в комплекте с крепежными элементами и соединительными пластинами, необходимыми для монтажа в комплекте с крепежными элементами и соединительными пластинами, необходимыми для монтажа;100;300;1;1
Крышка-ответвитель TSS (плоск)  400x100 в комплекте с крепежными элементами и соединительными пластинами, необходимыми для монтажа в комплекте с крепежными элементами и соединительными пластинами, необходимыми для монтажа в комплекте с крепежными элементами и соединительными пластинами, необходимыми для монтажа в комплекте с крепежными элементами и соединительными пластинами, необходимыми для монтажа в комплекте с крепежными элементами и соединительными пластинами, необходимыми для монтажа в комплекте с крепежными элементами и соединительными пластинами, необходимыми для монтажа в комплекте с крепежными элементами и соединительными пластинами, необходимыми для монтажа в комплекте с крепежными элементами и соединительными пластинами, необходимыми для монтажа в комплекте с крепежными элементами и соединительными пластинами, необходимыми для монтажа;100;400;1;1
Крышка-ответвитель TSS (плоск)  500x100 в комплекте с крепежными элементами и соединительными пластинами, необходимыми для монтажа в комплекте с крепежными элементами и соединительными пластинами, необходимыми для монтажа в комплекте с крепежными элементами и соединительными пластинами, необходимыми для монтажа в комплекте с крепежными элементами и соединительными пластинами, необходимыми для монтажа в комплекте с крепежными элементами и соединительными пластинами, необходимыми для монтажа в комплекте с крепежными элементами и соединительными пластинами, необходимыми для монтажа в комплекте с крепежными элементами и соединительными пластинами, необходимыми для монтажа в комплекте с крепежными элементами и соединительными пластинами, необходимыми для монтажа в комплекте с крепежными элементами и соединительными пластинами, необходимыми для монтажа;100;500;1;1
Крышка-ответвитель TSS (плоск)  600x100 в комплекте с крепежными элементами и соединительными пластинами, необходимыми для монтажа в комплекте с крепежными элементами и соединительными пластинами, необходимыми для монтажа в комплекте с крепежными элементами и соединительными пластинами, необходимыми для монтажа в комплекте с крепежными элементами и соединительными пластинами, необходимыми для монтажа в комплекте с крепежными элементами и соединительными пластинами, необходимыми для монтажа в комплекте с крепежными элементами и соединительными пластинами, необходимыми для монтажа в комплекте с крепежными элементами и соединительными пластинами, необходимыми для монтажа в комплекте с крепежными элементами и соединительными пластинами, необходимыми для монтажа в комплекте с крепежными элементами и соединительными пластинами, необходимыми для монтажа;100;600;1;1
Крышка-ответвитель TSS (плоск) 100x100 в комплекте с крепежными элементами и соединительными пластинами, необходимыми для монтажа в комплекте с крепежными элементами и соединительными пластинами, необходимыми для монтажа в комплекте с крепежными элементами и соединительными пластинами, необходимыми для монтажа в комплекте с крепежными элементами и соединительными пластинами, необходимыми для монтажа в комплекте с крепежными элементами и соединительными пластинами, необходимыми для монтажа в комплекте с крепежными элементами и соединительными пластинами, необходимыми для монтажа в комплекте с крепежными элементами и соединительными пластинами, необходимыми для монтажа в комплекте с крепежными элементами и соединительными пластинами, необходимыми для монтажа в комплекте с крепежными элементами и соединительными пластинами, необходимыми для монтажа, горячеоцинкованный;100;100;1;2
Крышка-ответвитель TSS (плоск) 150x100 в комплекте с крепежными элементами и соединительными пластинами, необходимыми для монтажа в комплекте с крепежными элементами и соединительными пластинами, необходимыми для монтажа в комплекте с крепежными элементами и соединительными пластинами, необходимыми для монтажа в комплекте с крепежными элементами и соединительными пластинами, необходимыми для монтажа в комплекте с крепежными элементами и соединительными пластинами, необходимыми для монтажа в комплекте с крепежными элементами и соединительными пластинами, необходимыми для монтажа в комплекте с крепежными элементами и соединительными пластинами, необходимыми для монтажа в комплекте с крепежными элементами и соединительными пластинами, необходимыми для монтажа в комплекте с крепежными элементами и соединительными пластинами, необходимыми для монтажа, горячеоцинкованный;100;150;1;2
Крышка-ответвитель TSS (плоск) 200x100 в комплекте с крепежными элементами и соединительными пластинами, необходимыми для монтажа в комплекте с крепежными элементами и соединительными пластинами, необходимыми для монтажа в комплекте с крепежными элементами и соединительными пластинами, необходимыми для монтажа в комплекте с крепежными элементами и соединительными пластинами, необходимыми для монтажа в комплекте с крепежными элементами и соединительными пластинами, необходимыми для монтажа в комплекте с крепежными элементами и соединительными пластинами, необходимыми для монтажа в комплекте с крепежными элементами и соединительными пластинами, необходимыми для монтажа в комплекте с крепежными элементами и соединительными пластинами, необходимыми для монтажа в комплекте с крепежными элементами и соединительными пластинами, необходимыми для монтажа, горячеоцинкованный;100;200;1;2
Крышка-ответвитель TSS (плоск) 300x100 в комплекте с крепежными элементами и соединительными пластинами, необходимыми для монтажа в комплекте с крепежными элементами и соединительными пластинами, необходимыми для монтажа в комплекте с крепежными элементами и соединительными пластинами, необходимыми для монтажа в комплекте с крепежными элементами и соединительными пластинами, необходимыми для монтажа в комплекте с крепежными элементами и соединительными пластинами, необходимыми для монтажа в комплекте с крепежными элементами и соединительными пластинами, необходимыми для монтажа в комплекте с крепежными элементами и соединительными пластинами, необходимыми для монтажа в комплекте с крепежными элементами и соединительными пластинами, необходимыми для монтажа в комплекте с крепежными элементами и соединительными пластинами, необходимыми для монтажа, горячеоцинкованный;100;300;1;2
Крышка-ответвитель TSS (плоск) 400x100 в комплекте с крепежными элементами и соединительными пластинами, необходимыми для монтажа в комплекте с крепежными элементами и соединительными пластинами, необходимыми для монтажа в комплекте с крепежными элементами и соединительными пластинами, необходимыми для монтажа в комплекте с крепежными элементами и соединительными пластинами, необходимыми для монтажа в комплекте с крепежными элементами и соединительными пластинами, необходимыми для монтажа в комплекте с крепежными элементами и соединительными пластинами, необходимыми для монтажа в комплекте с крепежными элементами и соединительными пластинами, необходимыми для монтажа в комплекте с крепежными элементами и соединительными пластинами, необходимыми для монтажа в комплекте с крепежными элементами и соединительными пластинами, необходимыми для монтажа, горячеоцинкованный;100;400;1;2
Крышка-ответвитель TSS (плоск) 500x100 в комплекте с крепежными элементами и соединительными пластинами, необходимыми для монтажа в комплекте с крепежными элементами и соединительными пластинами, необходимыми для монтажа в комплекте с крепежными элементами и соединительными пластинами, необходимыми для монтажа в комплекте с крепежными элементами и соединительными пластинами, необходимыми для монтажа в комплекте с крепежными элементами и соединительными пластинами, необходимыми для монтажа в комплекте с крепежными элементами и соединительными пластинами, необходимыми для монтажа в комплекте с крепежными элементами и соединительными пластинами, необходимыми для монтажа в комплекте с крепежными элементами и соединительными пластинами, необходимыми для монтажа в комплекте с крепежными элементами и соединительными пластинами, необходимыми для монтажа, горячеоцинкованный;100;500;1;2
Крышка-ответвитель TSS (плоск) 600x100 в комплекте с крепежными элементами и соединительными пластинами, необходимыми для монтажа в комплекте с крепежными элементами и соединительными пластинами, необходимыми для монтажа в комплекте с крепежными элементами и соединительными пластинами, необходимыми для монтажа в комплекте с крепежными элементами и соединительными пластинами, необходимыми для монтажа в комплекте с крепежными элементами и соединительными пластинами, необходимыми для монтажа в комплекте с крепежными элементами и соединительными пластинами, необходимыми для монтажа в комплекте с крепежными элементами и соединительными пластинами, необходимыми для монтажа в комплекте с крепежными элементами и соединительными пластинами, необходимыми для монтажа в комплекте с крепежными элементами и соединительными пластинами, необходимыми для монтажа, горячеоцинкованный;100;600;1;2
Крышка-ответвитель TSS (плоск) 100x100 в комплекте с крепежными элементами и соединительными пластинами, необходимыми для монтажа в комплекте с крепежными элементами и соединительными пластинами, необходимыми для монтажа в комплекте с крепежными элементами и соединительными пластинами, необходимыми для монтажа в комплекте с крепежными элементами и соединительными пластинами, необходимыми для монтажа в комплекте с крепежными элементами и соединительными пластинами, необходимыми для монтажа в комплекте с крепежными элементами и соединительными пластинами, необходимыми для монтажа в комплекте с крепежными элементами и соединительными пластинами, необходимыми для монтажа в комплекте с крепежными элементами и соединительными пластинами, необходимыми для монтажа в комплекте с крепежными элементами и соединительными пластинами, необходимыми для монтажа, нержавеющая;100;100;1;3
Крышка-ответвитель TSS (плоск) 150x100 в комплекте с крепежными элементами и соединительными пластинами, необходимыми для монтажа в комплекте с крепежными элементами и соединительными пластинами, необходимыми для монтажа в комплекте с крепежными элементами и соединительными пластинами, необходимыми для монтажа в комплекте с крепежными элементами и соединительными пластинами, необходимыми для монтажа в комплекте с крепежными элементами и соединительными пластинами, необходимыми для монтажа в комплекте с крепежными элементами и соединительными пластинами, необходимыми для монтажа в комплекте с крепежными элементами и соединительными пластинами, необходимыми для монтажа в комплекте с крепежными элементами и соединительными пластинами, необходимыми для монтажа в комплекте с крепежными элементами и соединительными пластинами, необходимыми для монтажа, нержавеющая;100;150;1;3
Крышка-ответвитель TSS (плоск) 200x100 в комплекте с крепежными элементами и соединительными пластинами, необходимыми для монтажа в комплекте с крепежными элементами и соединительными пластинами, необходимыми для монтажа в комплекте с крепежными элементами и соединительными пластинами, необходимыми для монтажа в комплекте с крепежными элементами и соединительными пластинами, необходимыми для монтажа в комплекте с крепежными элементами и соединительными пластинами, необходимыми для монтажа в комплекте с крепежными элементами и соединительными пластинами, необходимыми для монтажа в комплекте с крепежными элементами и соединительными пластинами, необходимыми для монтажа в комплекте с крепежными элементами и соединительными пластинами, необходимыми для монтажа в комплекте с крепежными элементами и соединительными пластинами, необходимыми для монтажа, нержавеющая;100;200;1;3
Крышка-ответвитель TSS (плоск) 300x100 в комплекте с крепежными элементами и соединительными пластинами, необходимыми для монтажа в комплекте с крепежными элементами и соединительными пластинами, необходимыми для монтажа в комплекте с крепежными элементами и соединительными пластинами, необходимыми для монтажа в комплекте с крепежными элементами и соединительными пластинами, необходимыми для монтажа в комплекте с крепежными элементами и соединительными пластинами, необходимыми для монтажа в комплекте с крепежными элементами и соединительными пластинами, необходимыми для монтажа в комплекте с крепежными элементами и соединительными пластинами, необходимыми для монтажа в комплекте с крепежными элементами и соединительными пластинами, необходимыми для монтажа в комплекте с крепежными элементами и соединительными пластинами, необходимыми для монтажа, нержавеющая;100;300;1;3
Крышка-ответвитель TSS (плоск) 400x100 в комплекте с крепежными элементами и соединительными пластинами, необходимыми для монтажа в комплекте с крепежными элементами и соединительными пластинами, необходимыми для монтажа в комплекте с крепежными элементами и соединительными пластинами, необходимыми для монтажа в комплекте с крепежными элементами и соединительными пластинами, необходимыми для монтажа в комплекте с крепежными элементами и соединительными пластинами, необходимыми для монтажа в комплекте с крепежными элементами и соединительными пластинами, необходимыми для монтажа в комплекте с крепежными элементами и соединительными пластинами, необходимыми для монтажа в комплекте с крепежными элементами и соединительными пластинами, необходимыми для монтажа в комплекте с крепежными элементами и соединительными пластинами, необходимыми для монтажа, нержавеющая;100;400;1;3
Крышка-ответвитель TSS (плоск) 500x100 в комплекте с крепежными элементами и соединительными пластинами, необходимыми для монтажа в комплекте с крепежными элементами и соединительными пластинами, необходимыми для монтажа в комплекте с крепежными элементами и соединительными пластинами, необходимыми для монтажа в комплекте с крепежными элементами и соединительными пластинами, необходимыми для монтажа в комплекте с крепежными элементами и соединительными пластинами, необходимыми для монтажа в комплекте с крепежными элементами и соединительными пластинами, необходимыми для монтажа в комплекте с крепежными элементами и соединительными пластинами, необходимыми для монтажа в комплекте с крепежными элементами и соединительными пластинами, необходимыми для монтажа в комплекте с крепежными элементами и соединительными пластинами, необходимыми для монтажа, нержавеющая;100;500;1;3
Крышка-ответвитель TSS (плоск) 600x100 в комплекте с крепежными элементами и соединительными пластинами, необходимыми для монтажа в комплекте с крепежными элементами и соединительными пластинами, необходимыми для монтажа в комплекте с крепежными элементами и соединительными пластинами, необходимыми для монтажа в комплекте с крепежными элементами и соединительными пластинами, необходимыми для монтажа в комплекте с крепежными элементами и соединительными пластинами, необходимыми для монтажа в комплекте с крепежными элементами и соединительными пластинами, необходимыми для монтажа в комплекте с крепежными элементами и соединительными пластинами, необходимыми для монтажа в комплекте с крепежными элементами и соединительными пластинами, необходимыми для монтажа в комплекте с крепежными элементами и соединительными пластинами, необходимыми для монтажа, нержавеющая;100;600;1;3
Крышка-ответвитель TSS (плоск) 100x100 в комплекте с крепежными элементами и соединительными пластинами, необходимыми для монтажа в комплекте с крепежными элементами и соединительными пластинами, необходимыми для монтажа в комплекте с крепежными элементами и соединительными пластинами, необходимыми для монтажа в комплекте с крепежными элементами и соединительными пластинами, необходимыми для монтажа в комплекте с крепежными элементами и соединительными пластинами, необходимыми для монтажа в комплекте с крепежными элементами и соединительными пластинами, необходимыми для монтажа в комплекте с крепежными элементами и соединительными пластинами, необходимыми для монтажа в комплекте с крепежными элементами и соединительными пластинами, необходимыми для монтажа в комплекте с крепежными элементами и соединительными пластинами, необходимыми для монтажа, цинк-ламельная;100;100;1;4
Крышка-ответвитель TSS (плоск) 150x100 в комплекте с крепежными элементами и соединительными пластинами, необходимыми для монтажа в комплекте с крепежными элементами и соединительными пластинами, необходимыми для монтажа в комплекте с крепежными элементами и соединительными пластинами, необходимыми для монтажа в комплекте с крепежными элементами и соединительными пластинами, необходимыми для монтажа в комплекте с крепежными элементами и соединительными пластинами, необходимыми для монтажа в комплекте с крепежными элементами и соединительными пластинами, необходимыми для монтажа в комплекте с крепежными элементами и соединительными пластинами, необходимыми для монтажа в комплекте с крепежными элементами и соединительными пластинами, необходимыми для монтажа в комплекте с крепежными элементами и соединительными пластинами, необходимыми для монтажа, цинк-ламельная;100;150;1;4
Крышка-ответвитель TSS (плоск) 200x100 в комплекте с крепежными элементами и соединительными пластинами, необходимыми для монтажа в комплекте с крепежными элементами и соединительными пластинами, необходимыми для монтажа в комплекте с крепежными элементами и соединительными пластинами, необходимыми для монтажа в комплекте с крепежными элементами и соединительными пластинами, необходимыми для монтажа в комплекте с крепежными элементами и соединительными пластинами, необходимыми для монтажа в комплекте с крепежными элементами и соединительными пластинами, необходимыми для монтажа в комплекте с крепежными элементами и соединительными пластинами, необходимыми для монтажа в комплекте с крепежными элементами и соединительными пластинами, необходимыми для монтажа в комплекте с крепежными элементами и соединительными пластинами, необходимыми для монтажа, цинк-ламельная;100;200;1;4
Крышка-ответвитель TSS (плоск) 300x100 в комплекте с крепежными элементами и соединительными пластинами, необходимыми для монтажа в комплекте с крепежными элементами и соединительными пластинами, необходимыми для монтажа в комплекте с крепежными элементами и соединительными пластинами, необходимыми для монтажа в комплекте с крепежными элементами и соединительными пластинами, необходимыми для монтажа в комплекте с крепежными элементами и соединительными пластинами, необходимыми для монтажа в комплекте с крепежными элементами и соединительными пластинами, необходимыми для монтажа в комплекте с крепежными элементами и соединительными пластинами, необходимыми для монтажа в комплекте с крепежными элементами и соединительными пластинами, необходимыми для монтажа в комплекте с крепежными элементами и соединительными пластинами, необходимыми для монтажа, цинк-ламельная;100;300;1;4
Крышка-ответвитель TSS (плоск) 400x100 в комплекте с крепежными элементами и соединительными пластинами, необходимыми для монтажа в комплекте с крепежными элементами и соединительными пластинами, необходимыми для монтажа в комплекте с крепежными элементами и соединительными пластинами, необходимыми для монтажа в комплекте с крепежными элементами и соединительными пластинами, необходимыми для монтажа в комплекте с крепежными элементами и соединительными пластинами, необходимыми для монтажа в комплекте с крепежными элементами и соединительными пластинами, необходимыми для монтажа в комплекте с крепежными элементами и соединительными пластинами, необходимыми для монтажа в комплекте с крепежными элементами и соединительными пластинами, необходимыми для монтажа в комплекте с крепежными элементами и соединительными пластинами, необходимыми для монтажа, цинк-ламельная;100;400;1;4
Крышка-ответвитель TSS (плоск) 500x100 в комплекте с крепежными элементами и соединительными пластинами, необходимыми для монтажа в комплекте с крепежными элементами и соединительными пластинами, необходимыми для монтажа в комплекте с крепежными элементами и соединительными пластинами, необходимыми для монтажа в комплекте с крепежными элементами и соединительными пластинами, необходимыми для монтажа в комплекте с крепежными элементами и соединительными пластинами, необходимыми для монтажа в комплекте с крепежными элементами и соединительными пластинами, необходимыми для монтажа в комплекте с крепежными элементами и соединительными пластинами, необходимыми для монтажа в комплекте с крепежными элементами и соединительными пластинами, необходимыми для монтажа в комплекте с крепежными элементами и соединительными пластинами, необходимыми для монтажа, цинк-ламельная;100;500;1;4
Крышка-ответвитель TSS (плоск) 600x100 в комплекте с крепежными элементами и соединительными пластинами, необходимыми для монтажа в комплекте с крепежными элементами и соединительными пластинами, необходимыми для монтажа в комплекте с крепежными элементами и соединительными пластинами, необходимыми для монтажа в комплекте с крепежными элементами и соединительными пластинами, необходимыми для монтажа в комплекте с крепежными элементами и соединительными пластинами, необходимыми для монтажа в комплекте с крепежными элементами и соединительными пластинами, необходимыми для монтажа в комплекте с крепежными элементами и соединительными пластинами, необходимыми для монтажа в комплекте с крепежными элементами и соединительными пластинами, необходимыми для монтажа в комплекте с крепежными элементами и соединительными пластинами, необходимыми для монтажа, цинк-ламельная;100;600;1;4
